jogador,time,posicao,Minutos,xG,xAG,G-PK,Assistencias,PrgC,PrgP,Key_Pass,Passing 1/3,Cross,Dribles_Tentados,Dribles_certos,%Dribles,Acoes Ofensivas,Cluster,Perfil,xG_Pontuacao,xAG_Pontuacao,G-PK_Pontuacao,Assistencias_Pontuacao,Acoes Ofensivas_Pontuacao,Key_Pass_Pontuacao,Passing 1/3_Pontuacao,Cross_Pontuacao,%Dribles_Pontuacao,Pontuacao_Total,Pontuacao
Agustín Canobbio,Ath Paranaense,"FW,MF",1215,3.5,2.5,4,1,47,57,23,30,36,44,16,,25.365853658536587,2,mei assist,3.8500000000000005,4.625,7.2,2,30.4390243902439,34.5,33.0,36.0,,151.6140243902439,18.614798665073934
Bruno Zapelli,Ath Paranaense,"MF,FW",1412,3.7,4.7,0,5,37,82,47,49,93,55,30,,29.024390243902438,0,construtores diretos,4.07,8.695,0.0,10,34.829268292682926,70.5,53.900000000000006,93.0,,274.99426829268293,35.453967903120486
Christian,Ath Paranaense,"MF,FW",1507,1.8,1.8,1,0,15,58,14,37,28,24,9,,17.804878048780488,1,mei apoio,1.9800000000000002,3.33,1.8,0,21.365853658536583,21.0,40.7,28.0,,118.17585365853658,14.051093827473238
Fernandinho,Ath Paranaense,MF,1551,1.6,2.4,1,3,39,168,37,138,48,23,11,,50.48780487804878,5,dribladores_cross,1.7600000000000002,4.44,1.8,6,60.58536585365853,55.5,151.8,48.0,,329.8853658536585,42.945608803281814
Filipinho,Ath Paranaense,MF,923,0.6,0.2,0,0,7,16,5,14,8,22,13,,5.609756097560976,1,mei apoio,0.66,0.37000000000000005,0.0,0,6.731707317073171,7.5,15.400000000000002,8.0,,38.66170731707317,3.1988526200279184
Gabriel,Ath Paranaense,MF,1431,0.4,0.3,1,2,17,103,12,90,6,5,1,,29.268292682926827,4,finalizadores criativos,0.44000000000000006,0.555,1.8,4,35.12195121951219,18.0,99.00000000000001,6.0,,164.9169512195122,20.430407300250014
Gonzalo Mastriani,Ath Paranaense,FW,900,3.9,0.9,4,0,2,17,9,11,3,12,1,,4.634146341463414,1,mei apoio,4.29,1.665,7.2,0,5.560975609756097,13.5,12.100000000000001,3.0,,47.315975609756094,4.380003538542735
João Machado Cruz,Ath Paranaense,"MF,FW",838,0.7,1.0,1,2,22,37,23,25,61,13,5,,14.390243902439023,1,mei apoio,0.77,1.85,1.8,4,17.268292682926827,34.5,27.500000000000004,61.0,,148.68829268292683,18.215489263452163
Julimar,Ath Paranaense,"FW,MF",1665,5.7,2.3,6,2,83,43,27,20,43,62,31,,30.73170731707317,0,construtores diretos,6.2700000000000005,4.255,10.8,4,36.8780487804878,40.5,22.0,43.0,,167.7030487804878,20.810659169261346
Lucas Di Yorio,Ath Paranaense,FW,799,4.0,0.2,3,0,15,10,5,7,9,14,7,,6.097560975609756,1,mei apoio,4.4,0.37000000000000005,5.4,0,7.317073170731707,7.5,7.700000000000001,9.0,,41.68707317073171,3.6117602785428993
Nikão,Ath Paranaense,"FW,MF",1624,3.6,2.9,6,2,32,89,50,59,82,30,14,,29.51219512195122,2,mei assist,3.9600000000000004,5.365,10.8,4,35.41463414634146,75.0,64.9,82.0,,281.43963414634146,36.33364363545819
Pablo,Ath Paranaense,"FW,MF",1703,3.7,1.8,3,2,12,52,23,20,4,10,7,,15.609756097560975,1,mei apoio,4.07,3.33,5.4,4,18.73170731707317,34.5,22.0,4.0,,96.03170731707317,11.028818817457632
Tomás Cuello,Ath Paranaense,"FW,MF",2010,2.8,4.2,3,5,102,88,43,54,116,126,64,,46.34146341463415,0,construtores diretos,3.08,7.7700000000000005,5.4,10,55.609756097560975,64.5,59.400000000000006,116.0,,321.75975609756097,41.836610202554105
Alejo Cruz,Atl Goianiense,"FW,MF",2156,2.4,3.7,1,2,69,115,68,86,181,60,26,,44.87804878048781,3,mei completos,2.64,6.845000000000001,1.8,4,53.85365853658537,102.0,94.60000000000001,181.0,,446.7386585365854,58.89396738382353
Derek,Atl Goianiense,FW,986,3.8,1.9,3,1,20,17,14,9,4,31,11,,9.024390243902438,1,mei apoio,4.18,3.515,5.4,2,10.829268292682926,21.0,9.9,4.0,,60.82426829268292,6.223640894169442
Emiliano Rodríguez,Atl Goianiense,FW,1096,2.8,0.5,0,0,10,13,11,12,7,28,9,,5.609756097560976,1,mei apoio,3.08,0.925,0.0,0,6.731707317073171,16.5,13.200000000000001,7.0,,47.43670731707317,4.396481230494116
Gabriel Baralhas,Atl Goianiense,MF,2452,2.4,2.4,1,3,22,121,29,97,12,40,15,,34.8780487804878,4,finalizadores criativos,2.64,4.44,1.8,6,41.853658536585364,43.5,106.7,12.0,,218.93365853658537,27.802709764763474
Gonzalo Freitas,Atl Goianiense,MF,820,0.5,0.2,0,0,2,27,1,22,1,4,3,,7.073170731707316,1,mei apoio,0.55,0.37000000000000005,0.0,0,8.48780487804878,1.5,24.200000000000003,1.0,,36.10780487804878,2.8502911807897404
Jan Carlos Hurtado,Atl Goianiense,FW,865,1.7,0.6,2,0,9,15,6,7,1,19,8,,5.853658536585367,1,mei apoio,1.87,1.11,3.6,0,7.02439024390244,9.0,7.700000000000001,1.0,,31.30439024390244,2.1947120589908025
Janderson,Atl Goianiense,"FW,MF",962,2.5,1.0,3,0,35,43,18,14,79,48,14,,19.024390243902438,1,mei apoio,2.75,1.85,5.4,0,22.829268292682926,27.0,15.400000000000002,79.0,,154.22926829268295,18.97173210335408
Luiz Fernando,Atl Goianiense,"FW,MF",2591,5.7,1.3,8,0,79,78,29,48,28,69,25,,38.29268292682927,0,construtores diretos,6.2700000000000005,2.4050000000000002,14.4,0,45.951219512195124,43.5,52.800000000000004,28.0,,193.32621951219514,24.30775801360924
Rhaldney,Atl Goianiense,MF,2157,1.1,1.0,0,1,40,132,27,132,9,29,22,,41.951219512195124,4,finalizadores criativos,1.2100000000000002,1.85,0.0,2,50.34146341463415,40.5,145.20000000000002,9.0,,250.10146341463417,32.05655077301181
Shaylon,Atl Goianiense,"FW,MF",2167,4.1,5.7,1,2,36,129,67,99,132,24,10,,40.243902439024396,3,mei completos,4.51,10.545000000000002,1.8,4,48.29268292682927,100.5,108.9,132.0,,410.5476829268293,53.954554525598084
Alan Franco,Atlético Mineiro,MF,1631,1.0,2.0,0,0,5,50,12,44,10,7,1,,13.414634146341465,1,mei apoio,1.1,3.7,0.0,0,16.097560975609756,18.0,48.400000000000006,10.0,,97.29756097560977,11.201584920947859
Bernard,Atlético Mineiro,"MF,FW",900,0.5,1.8,0,0,28,61,21,48,32,25,12,,21.70731707317073,1,mei apoio,0.55,3.33,0.0,0,26.048780487804876,31.5,52.800000000000004,32.0,,146.2287804878049,17.879810383375975
Cadu,Atlético Mineiro,"FW,MF",1008,1.9,0.1,3,0,13,16,4,14,9,18,11,,7.073170731707316,1,mei apoio,2.09,0.18500000000000003,5.4,0,8.48780487804878,6.0,15.400000000000002,9.0,,46.56280487804878,4.27720937137938
Deyverson,Atlético Mineiro,FW,1001,2.3,0.8,2,1,4,14,4,8,2,14,4,,4.390243902439024,1,mei apoio,2.53,1.4800000000000002,3.6,2,5.268292682926829,6.0,8.8,2.0,,31.67829268292683,2.2457429716402277
Eduardo Vargas,Atlético Mineiro,"MF,FW",851,5.4,1.2,6,2,13,40,15,22,4,14,7,,12.926829268292684,2,mei assist,5.940000000000001,2.22,10.8,4,15.512195121951219,22.5,24.200000000000003,4.0,,89.17219512195123,10.092619608486713
Fausto Vera,Atlético Mineiro,MF,1654,1.8,0.3,2,0,19,77,8,68,12,19,14,,23.414634146341466,1,mei apoio,1.9800000000000002,0.555,3.6,0,28.09756097560976,12.0,74.80000000000001,12.0,,133.03256097560978,16.078765364823592
Federico Zaracho,Atlético Mineiro,MF,874,0.9,0.6,2,0,6,28,9,26,7,19,5,,8.292682926829269,1,mei apoio,0.9900000000000001,1.11,3.6,0,9.951219512195122,13.5,28.6,7.0,,64.75121951219512,6.759598630054676
Hulk,Atlético Mineiro,"FW,MF",1892,9.5,1.9,6,5,38,60,25,32,32,87,38,,23.902439024390244,2,mei assist,10.450000000000001,3.515,10.8,10,28.682926829268293,37.5,35.2,32.0,,168.1479268292683,20.871376967482192
Igor Gomes,Atlético Mineiro,MF,1321,2.1,1.2,0,3,21,83,21,58,43,26,13,,25.365853658536587,4,finalizadores criativos,2.3100000000000005,2.22,0.0,6,30.4390243902439,31.5,63.800000000000004,43.0,,179.2690243902439,22.38920541407025
Otávio,Atlético Mineiro,MF,1917,0.2,0.2,0,0,19,89,8,110,7,17,10,,26.34146341463415,4,finalizadores criativos,0.22000000000000003,0.37000000000000005,0.0,0,31.609756097560975,12.0,121.00000000000001,7.0,,172.199756097561,21.42437829585047
Paulinho,Atlético Mineiro,"FW,MF",1991,5.9,1.6,7,1,54,79,32,55,17,55,31,,32.4390243902439,2,mei assist,6.490000000000001,2.9600000000000004,12.6,2,38.92682926829268,48.0,60.50000000000001,17.0,,188.47682926829268,23.64590405356215
Ademir Santos,Bahia,"FW,MF",1131,3.6,2.8,3,4,66,29,20,19,54,63,27,,23.170731707317074,0,construtores diretos,3.9600000000000004,5.18,5.4,8,27.804878048780488,30.0,20.900000000000002,54.0,,155.2448780487805,19.110344445345078
Biel,Bahia,"FW,MF",904,4.5,3.4,5,4,37,41,21,13,21,35,13,,19.024390243902438,2,mei assist,4.95,6.29,9.0,8,22.829268292682926,31.5,14.3,21.0,,117.86926829268293,14.009250476396707
Caio Alexandre,Bahia,MF,2774,1.1,2.3,2,0,80,236,33,255,29,30,17,,77.07317073170732,5,dribladores_cross,1.2100000000000002,4.255,3.6,0,92.48780487804878,49.5,280.5,29.0,,460.5528048780488,60.77934822572706
Carlos de Pena,Bahia,MF,683,1.0,2.3,0,3,14,68,20,47,61,13,8,,20.0,4,finalizadores criativos,1.1,4.255,0.0,6,24.0,30.0,51.7,61.0,,178.055,22.22351306722582
Cauly Oliveira Souza,Bahia,"MF,FW",2676,3.5,5.4,4,6,65,138,70,123,91,96,44,,49.51219512195122,3,mei completos,3.8500000000000005,9.990000000000002,7.2,12,59.41463414634146,105.0,135.3,91.0,,423.75463414634146,55.75706422787948
Everaldo Stum,Bahia,FW,2056,7.2,1.9,7,3,40,37,20,14,34,35,11,,18.78048780487805,2,mei assist,7.920000000000001,3.515,12.6,6,22.536585365853657,30.0,15.400000000000002,34.0,,131.97158536585366,15.933961405250857
Everton Ribeiro,Bahia,MF,2681,1.5,4.6,2,5,85,325,53,223,57,70,29,,100.0,5,dribladores_cross,1.6500000000000001,8.51,3.6,10,120.0,79.5,245.3,57.0,,525.56,69.65165327008117
Jean Lucas,Bahia,MF,2901,5.4,2.8,3,6,53,126,20,107,21,70,36,,43.65853658536585,0,construtores diretos,5.940000000000001,5.18,5.4,12,52.39024390243902,30.0,117.7,21.0,,249.61024390243904,31.989508204142957
Luciano Rodríguez,Bahia,"FW,MF",900,5.8,1.1,5,1,23,28,10,12,13,45,14,,12.439024390243903,2,mei assist,6.38,2.035,9.0,2,14.926829268292682,15.0,13.200000000000001,13.0,,75.54182926829269,8.232321475442497
Thaciano,Bahia,"FW,MF",2343,5.7,2.6,7,2,20,50,24,38,11,20,10,,17.073170731707318,2,mei assist,6.2700000000000005,4.8100000000000005,12.6,4,20.48780487804878,36.0,41.800000000000004,11.0,,136.96780487804878,16.61585490177215
Carlos Eduardo,Botafogo (RJ),"MF,FW",823,1.7,0.5,2,1,11,41,13,39,11,9,4,,12.682926829268293,1,mei apoio,1.87,0.925,3.6,2,15.21951219512195,19.5,42.900000000000006,11.0,,97.01451219512195,11.162953887595178
Danilo Barbosa,Botafogo (RJ),MF,1153,1.3,0.4,3,1,9,53,7,60,0,19,13,,15.121951219512194,1,mei apoio,1.4300000000000002,0.7400000000000001,5.4,2,18.146341463414632,10.5,66.0,0.0,,104.21634146341464,12.14587317869491
Gregore,Botafogo (RJ),MF,2220,1.2,1.7,3,2,29,199,17,194,24,14,9,,55.60975609756098,5,dribladores_cross,1.32,3.145,5.4,4,66.73170731707317,25.5,213.4,24.0,,343.4967073170732,44.8033104515337
Igor Jesus,Botafogo (RJ),FW,1454,6.8,2.6,5,3,20,35,21,28,6,27,9,,13.414634146341465,2,mei assist,7.48,4.8100000000000005,9.0,6,16.097560975609756,31.5,30.800000000000004,6.0,,111.68756097560976,13.16555936021949
Jefferson Savarino,Botafogo (RJ),"MF,FW",2009,5.2,6.5,8,7,46,124,75,80,116,19,8,,41.46341463414634,3,mei completos,5.720000000000001,12.025,14.4,14,49.756097560975604,112.5,88.0,116.0,,412.4010975609756,54.2075120632517
Júnior Santos,Botafogo (RJ),FW,1481,6.3,1.5,4,1,44,30,19,18,20,57,25,,18.048780487804876,2,mei assist,6.930000000000001,2.7750000000000004,7.2,2,21.65853658536585,28.5,19.8,20.0,,108.86353658536585,12.780131165756758
Luiz Henrique,Botafogo (RJ),"FW,MF",2533,7.1,3.8,6,3,85,74,32,45,57,159,90,,38.78048780487805,0,construtores diretos,7.8100000000000005,7.03,10.8,6,46.53658536585366,48.0,49.50000000000001,57.0,,232.67658536585367,29.67837043282902
Marlon Freitas,Botafogo (RJ),MF,2425,1.7,4.3,0,5,44,264,43,211,21,11,5,,75.1219512195122,5,dribladores_cross,1.87,7.955,0.0,10,90.14634146341463,64.5,232.10000000000002,21.0,,427.5713414634147,56.27797566727578
Tchê Tchê,Botafogo (RJ),"MF,FW",1570,0.7,2.8,0,0,30,94,19,91,20,15,10,,30.24390243902439,4,finalizadores criativos,0.77,5.18,0.0,0,36.292682926829265,28.5,100.10000000000001,20.0,,190.84268292682927,23.96880023927606
Thiago Almada,Botafogo (RJ),"FW,MF",1252,3.4,2.6,1,2,65,112,43,80,57,50,25,,43.170731707317074,0,construtores diretos,3.74,4.8100000000000005,1.8,4,51.80487804878049,64.5,88.0,57.0,,275.65487804878046,35.544129173121114
Tiquinho Soares,Botafogo (RJ),FW,1349,6.7,2.1,3,3,7,27,23,17,7,19,9,,8.292682926829269,2,mei assist,7.370000000000001,3.8850000000000002,5.4,6,9.951219512195122,34.5,18.700000000000003,7.0,,92.80621951219513,10.588598136223244
Óscar Romero,Botafogo (RJ),"MF,FW",678,1.4,1.5,0,4,12,52,15,56,48,22,11,,15.609756097560975,4,finalizadores criativos,1.54,2.7750000000000004,0.0,8,18.73170731707317,22.5,61.60000000000001,48.0,,163.14670731707318,20.188801061496246
André Carrillo,Corinthians,MF,730,0.2,2.2,0,2,13,66,10,57,16,11,8,,19.26829268292683,1,mei apoio,0.22000000000000003,4.07,0.0,4,23.121951219512194,15.0,62.7,16.0,,125.11195121951219,14.997745552146652
Breno,Corinthians,MF,1780,1.4,1.0,0,0,24,118,16,107,15,42,27,,34.63414634146341,4,finalizadores criativos,1.54,1.85,0.0,0,41.56097560975609,24.0,117.7,15.0,,201.6509756097561,25.443936483990093
Igor Coronado,Corinthians,"MF,FW",1378,1.1,4.0,1,2,72,114,42,89,106,78,30,,45.36585365853659,0,construtores diretos,1.2100000000000002,7.4,1.8,4,54.4390243902439,63.0,97.9,106.0,,335.7490243902439,43.745892019853784
José Andrés Martínez,Corinthians,MF,633,0.0,0.1,0,0,6,25,4,26,2,6,4,,7.560975609756097,1,mei apoio,0.0,0.18500000000000003,0.0,0,9.073170731707316,6.0,28.6,2.0,,45.85817073170732,4.181039569263145
Memphis,Corinthians,FW,793,3.7,0.9,6,1,24,31,13,18,6,31,13,,13.414634146341465,2,mei assist,4.07,1.665,10.8,2,16.097560975609756,19.5,19.8,6.0,,79.93256097560976,8.831576850207627
Rodrigo Garro,Corinthians,"MF,FW",2995,6.0,7.4,9,10,64,246,106,197,225,71,28,,75.60975609756098,3,mei completos,6.6000000000000005,13.690000000000001,16.2,20,90.73170731707317,159.0,216.70000000000002,225.0,,747.9217073170732,100.0
Wesley,Corinthians,FW,1438,1.8,2.4,2,1,79,45,29,25,43,130,61,,30.24390243902439,0,construtores diretos,1.9800000000000002,4.44,3.6,2,36.292682926829265,43.5,27.500000000000004,43.0,,162.31268292682927,20.07497183396545
Yuri Alberto,Corinthians,FW,2197,10.7,1.9,12,4,52,31,22,19,9,52,21,,20.243902439024392,2,mei assist,11.77,3.515,21.6,8,24.29268292682927,33.0,20.900000000000002,9.0,,132.07768292682928,15.948441801208132
Ángel Romero,Corinthians,FW,1449,5.2,2.8,5,4,33,53,22,42,53,48,24,,20.975609756097562,2,mei assist,5.720000000000001,5.18,9.0,8,25.170731707317074,33.0,46.2,53.0,,185.27073170731708,23.208329789519954
Allano,Criciúma,"FW,MF",1296,2.1,1.9,1,2,62,59,19,30,21,69,31,,29.51219512195122,0,construtores diretos,2.3100000000000005,3.515,1.8,4,35.41463414634146,28.5,33.0,21.0,,129.53963414634146,15.602044099296899
Arthur,Criciúma,FW,1671,5.0,1.7,5,1,12,26,21,11,4,18,5,,9.268292682926829,2,mei assist,5.5,3.145,9.0,2,11.121951219512194,31.5,12.100000000000001,4.0,,78.3669512195122,8.617899467104785
Barreto,Criciúma,MF,2281,3.1,0.9,2,2,18,92,17,74,6,31,17,,26.82926829268293,4,finalizadores criativos,3.4100000000000006,1.665,3.6,4,32.19512195121951,25.5,81.4,6.0,,157.77012195121952,19.454994513261465
Fellipe Mateus,Criciúma,"MF,FW",1887,1.9,0.9,3,0,17,60,20,47,30,43,23,,18.78048780487805,1,mei apoio,2.09,1.665,5.4,0,22.536585365853657,30.0,51.7,30.0,,143.39158536585364,17.492584622518546
Higor Meritão,Criciúma,MF,1040,1.3,0.1,2,0,10,52,2,45,2,11,6,,15.121951219512194,1,mei apoio,1.4300000000000002,0.18500000000000003,3.6,0,18.146341463414632,3.0,49.50000000000001,2.0,,77.86134146341465,8.548892890508402
Marquinhos Gabriel,Criciúma,MF,1003,0.5,1.8,0,0,22,46,19,34,20,39,17,,16.585365853658537,1,mei apoio,0.55,3.33,0.0,0,19.902439024390244,28.5,37.400000000000006,20.0,,109.68243902439025,12.89189652076031
Matheusinho,Criciúma,MF,1585,4.0,2.2,5,3,21,88,31,60,43,87,38,,26.585365853658537,0,construtores diretos,4.4,4.07,9.0,6,31.902439024390244,46.5,66.0,43.0,,210.87243902439025,26.702499266409824
Newton,Criciúma,MF,2299,1.6,1.0,1,1,35,80,14,90,35,32,22,,28.04878048780488,4,finalizadores criativos,1.7600000000000002,1.85,1.8,2,33.65853658536585,21.0,99.00000000000001,35.0,,196.06853658536585,24.68203463877154
Ronald,Criciúma,MF,1510,0.8,1.5,1,2,34,64,22,46,28,69,38,,23.902439024390244,4,finalizadores criativos,0.8800000000000001,2.7750000000000004,1.8,4,28.682926829268293,33.0,50.6,28.0,,149.7379268292683,18.358745318629463
Yannick Bolasie,Criciúma,FW,2377,7.4,1.8,8,4,63,55,20,31,59,63,24,,28.780487804878046,2,mei assist,8.14,3.33,14.4,8,34.536585365853654,30.0,34.1,59.0,,191.50658536585365,24.059410900875363
Éder,Criciúma,FW,764,1.1,1.3,0,0,13,22,12,18,16,10,1,,8.536585365853659,1,mei apoio,1.2100000000000002,2.4050000000000002,0.0,0,10.24390243902439,18.0,19.8,16.0,,67.65890243902439,7.1564446999503835
Arthur,Cruzeiro,FW,1273,1.6,0.8,2,1,48,35,10,13,35,60,26,,20.243902439024392,1,mei apoio,1.7600000000000002,1.4800000000000002,3.6,2,24.29268292682927,15.0,14.3,35.0,,97.43268292682927,11.220026620626776
Gabriel Veron,Cruzeiro,"FW,MF",1611,4.1,1.5,6,2,24,34,21,17,8,37,14,,14.146341463414632,2,mei assist,4.51,2.7750000000000004,10.8,4,16.97560975609756,31.5,18.700000000000003,8.0,,97.26060975609757,11.196541748562739
Kaio Jorge,Cruzeiro,FW,1163,5.3,1.4,2,2,20,18,13,10,3,14,5,,9.268292682926829,1,mei apoio,5.83,2.59,3.6,4,11.121951219512194,19.5,11.0,3.0,,60.641951219512194,6.198757914909531
Lautaro Díaz,Cruzeiro,FW,959,2.2,0.6,1,0,15,15,13,11,10,26,4,,7.317073170731707,1,mei apoio,2.4200000000000004,1.11,1.8,0,8.780487804878048,19.5,12.100000000000001,10.0,,55.71048780487805,5.52570245316216
Lucas Romero,Cruzeiro,MF,2531,0.7,0.8,0,2,22,159,26,136,6,27,13,,44.146341463414636,4,finalizadores criativos,0.77,1.4800000000000002,0.0,4,52.97560975609756,39.0,149.60000000000002,6.0,,253.82560975609758,32.56482931524538
Lucas Silva,Cruzeiro,MF,1991,0.9,1.5,1,1,29,103,26,95,21,31,18,,32.19512195121951,4,finalizadores criativos,0.9900000000000001,2.7750000000000004,1.8,2,38.63414634146341,39.0,104.50000000000001,21.0,,210.69914634146343,26.678847953012948
Matheus Henrique,Cruzeiro,"MF,FW",1219,1.0,0.3,2,0,22,56,14,47,21,28,12,,19.024390243902438,1,mei apoio,1.1,0.555,3.6,0,22.829268292682926,21.0,51.7,21.0,,121.78426829268292,14.543577087220083
Matheus Pereira,Cruzeiro,"FW,MF",2823,5.3,5.7,8,7,89,224,77,157,171,81,38,,76.34146341463415,3,mei completos,5.83,10.545000000000002,14.4,14,91.60975609756098,115.5,172.70000000000002,171.0,,595.584756097561,79.20876453428134
Ramiro Benetti,Cruzeiro,MF,1436,1.1,0.7,2,0,9,57,5,59,22,3,1,,16.097560975609756,1,mei apoio,1.2100000000000002,1.295,3.6,0,19.317073170731707,7.5,64.9,22.0,,119.82207317073171,14.275772982676955
Álvaro Barreal,Cruzeiro,"MF,FW",1488,2.4,1.6,2,4,29,69,26,60,76,38,17,,23.902439024390244,4,finalizadores criativos,2.64,2.9600000000000004,3.6,8,28.682926829268293,39.0,66.0,76.0,,226.88292682926829,28.8876409487622
Clayson,Cuiabá,"FW,MF",2043,2.6,1.2,5,1,56,75,19,50,89,78,24,,31.951219512195124,0,construtores diretos,2.8600000000000003,2.22,9.0,2,38.34146341463415,28.5,55.00000000000001,89.0,,226.92146341463416,28.892900494880013
Denilson,Cuiabá,MF,2016,1.1,2.2,0,3,26,96,27,87,33,81,56,,29.756097560975608,0,construtores diretos,1.2100000000000002,4.07,0.0,6,35.70731707317073,40.5,95.7,33.0,,216.18731707317073,27.427883883202792
Derik Lacerda,Cuiabá,"FW,MF",1420,3.3,2.1,4,0,36,24,15,15,8,57,27,,14.634146341463413,1,mei apoio,3.63,3.8850000000000002,7.2,0,17.560975609756095,22.5,16.5,8.0,,79.2759756097561,8.741964836605376
Fernando Sobral,Cuiabá,MF,2001,1.3,2.5,0,2,28,115,26,102,72,42,22,,34.8780487804878,4,finalizadores criativos,1.4300000000000002,4.625,0.0,4,41.853658536585364,39.0,112.2,72.0,,275.1086585365854,35.46958010014109
Filipe Augusto,Cuiabá,MF,844,0.3,0.1,0,0,5,32,2,30,2,11,8,,9.024390243902438,1,mei apoio,0.33,0.18500000000000003,0.0,0,10.829268292682926,3.0,33.0,2.0,,49.344268292682926,4.656828763325917
Isidro Pitta,Cuiabá,FW,2831,9.7,3.9,4,2,50,52,37,23,17,50,17,,24.878048780487806,2,mei assist,10.67,7.215,7.2,4,29.853658536585364,55.5,25.3,17.0,,156.73865853658538,19.314218433943513
Jonathan Cafu,Cuiabá,"FW,MF",1392,2.3,1.2,1,2,39,43,14,26,47,41,20,,20.0,1,mei apoio,2.53,2.22,1.8,4,24.0,21.0,28.6,47.0,,131.15,15.821829879315056
Lucas Fernandes,Cuiabá,"MF,FW",1039,0.8,0.7,1,1,16,45,18,32,23,19,12,,14.878048780487804,1,mei apoio,0.8800000000000001,1.295,1.8,2,17.853658536585364,27.0,35.2,23.0,,109.02865853658537,12.802667322223597
Lucas Mineiro,Cuiabá,MF,2338,0.6,0.2,0,0,18,85,8,83,1,20,15,,25.121951219512194,1,mei apoio,0.66,0.37000000000000005,0.0,0,30.146341463414632,12.0,91.30000000000001,1.0,,135.47634146341466,16.412297151706117
Max,Cuiabá,MF,1217,1.1,1.5,1,0,20,58,17,53,52,25,17,,19.024390243902438,1,mei apoio,1.2100000000000002,2.7750000000000004,1.8,0,22.829268292682926,25.5,58.300000000000004,52.0,,164.41426829268295,20.36180018285245
Allan,Flamengo,MF,1412,0.3,0.5,0,0,16,75,11,99,4,15,2,,22.195121951219512,1,mei apoio,0.33,0.925,0.0,0,26.634146341463413,16.5,108.9,4.0,,157.28914634146344,19.389350051588494
Bruno Henrique,Flamengo,"FW,MF",2070,6.4,1.9,5,1,70,62,22,22,24,62,20,,32.19512195121951,2,mei assist,7.040000000000001,3.515,9.0,2,38.63414634146341,33.0,24.200000000000003,24.0,,141.3891463414634,17.219287953991618
Carlos Alcaraz,Flamengo,"MF,FW",751,3.3,0.6,0,1,26,39,17,42,30,32,14,,15.853658536585366,1,mei apoio,3.63,1.11,0.0,2,19.024390243902438,25.5,46.2,30.0,,127.46439024390244,15.318810883199296
Erick Pulgar,Flamengo,MF,1750,1.0,1.8,0,3,12,110,20,127,10,10,5,,29.756097560975608,4,finalizadores criativos,1.1,3.33,0.0,6,35.70731707317073,30.0,139.70000000000002,10.0,,225.83731707317074,28.74493414998328
Evertton,Flamengo,MF,803,0.9,0.2,1,0,9,41,6,62,3,7,6,,12.195121951219512,1,mei apoio,0.9900000000000001,0.37000000000000005,1.8,0,14.634146341463413,9.0,68.2,3.0,,97.99414634146342,11.296656210267333
Gabriel Barbosa,Flamengo,"FW,MF",754,5.2,0.9,2,1,17,24,9,14,11,6,2,,10.0,1,mei apoio,5.720000000000001,1.665,3.6,2,12.0,13.5,15.400000000000002,11.0,,64.885,6.777857244267469
Gerson,Flamengo,"MF,FW",2457,2.3,3.7,3,6,71,181,41,110,35,80,36,,61.46341463414634,5,dribladores_cross,2.53,6.845000000000001,5.4,12,73.7560975609756,61.5,121.00000000000001,35.0,,318.03109756097564,41.327715827389014
Giorgian De Arrascaeta,Flamengo,MF,1007,2.2,2.7,5,5,19,80,27,49,63,33,18,,24.146341463414632,4,finalizadores criativos,2.4200000000000004,4.995000000000001,9.0,10,28.97560975609756,40.5,53.900000000000006,63.0,,212.79060975609758,26.964294838837354
Gonzalo Plata,Flamengo,"FW,MF",684,1.6,1.9,1,0,25,27,20,11,10,35,16,,12.682926829268293,1,mei apoio,1.7600000000000002,3.515,1.8,0,15.21951219512195,30.0,12.100000000000001,10.0,,74.39451219512195,8.075733469504534
Lorran,Flamengo,"MF,FW",706,2.0,0.9,1,1,32,39,14,30,29,43,23,,17.317073170731707,1,mei apoio,2.2,1.665,1.8,2,20.780487804878046,21.0,33.0,29.0,,111.44548780487804,13.132520755650306
Luiz Araújo,Flamengo,"FW,MF",1566,3.1,4.6,4,5,54,74,34,37,88,63,38,,31.21951219512195,0,construtores diretos,3.4100000000000006,8.51,7.2,10,37.46341463414634,51.0,40.7,88.0,,246.28341463414634,31.53545624814938
Matheus Gonçalves,Flamengo,"FW,MF",682,1.7,0.9,2,0,32,48,18,21,35,39,20,,19.51219512195122,1,mei apoio,1.87,1.665,3.6,0,23.414634146341463,27.0,23.1,35.0,,115.64963414634147,13.706310606490579
Michael,Flamengo,"FW,MF",653,3.6,1.5,4,1,25,19,12,5,16,25,7,,10.731707317073171,1,mei apoio,3.9600000000000004,2.7750000000000004,7.2,2,12.878048780487806,18.0,5.5,16.0,,68.3130487804878,7.24572383088695
Nicolás De La Cruz,Flamengo,MF,1010,1.6,2.5,2,3,18,104,37,114,40,15,8,,29.756097560975608,4,finalizadores criativos,1.7600000000000002,4.625,3.6,6,35.70731707317073,55.5,125.4,40.0,,272.59231707317076,35.12614505395445
Pedro,Flamengo,FW,1653,10.6,2.2,7,5,16,36,23,15,2,36,15,,12.682926829268293,2,mei assist,11.66,4.07,12.6,10,15.21951219512195,34.5,16.5,2.0,,106.54951219512195,12.464308736688647
Alexsander,Fluminense,MF,791,0.4,0.9,0,1,15,36,7,37,7,40,18,,12.439024390243903,1,mei apoio,0.44000000000000006,1.665,0.0,2,14.926829268292682,10.5,40.7,7.0,,77.23182926829269,8.462975874495244
André,Fluminense,MF,1072,0.1,0.1,0,1,9,64,6,57,0,28,11,,17.804878048780488,1,mei apoio,0.11000000000000001,0.18500000000000003,0.0,2,21.365853658536583,9.0,62.7,0.0,,95.36085365853658,10.937259440261126
Facundo Bernal,Fluminense,MF,943,0.4,0.1,0,0,3,51,3,45,1,11,7,,13.170731707317074,1,mei apoio,0.44000000000000006,0.18500000000000003,0.0,0,15.804878048780488,4.5,49.50000000000001,1.0,,71.4298780487805,7.671114589365098
Ganso,Fluminense,MF,2247,2.6,4.0,3,7,16,172,60,157,76,22,15,,45.85365853658537,5,dribladores_cross,2.8600000000000003,7.4,5.4,14,55.024390243902445,90.0,172.70000000000002,76.0,,423.38439024390243,55.70653263922858
Germán Cano,Fluminense,FW,1611,5.7,1.6,4,0,4,20,12,11,7,18,6,,5.853658536585367,1,mei apoio,6.2700000000000005,2.9600000000000004,7.2,0,7.02439024390244,18.0,12.100000000000001,7.0,,60.554390243902446,6.186807427211461
Jhon Arias,Fluminense,FW,2376,6.7,3.4,7,3,94,92,47,80,121,128,52,,45.36585365853659,0,construtores diretos,7.370000000000001,6.29,12.6,6,54.4390243902439,70.5,88.0,121.0,,366.1990243902439,47.901765659591184
John Kennedy,Fluminense,"FW,MF",674,1.3,0.1,0,0,12,10,5,8,2,44,13,,5.365853658536586,1,mei apoio,1.4300000000000002,0.18500000000000003,0.0,0,6.439024390243903,7.5,8.8,2.0,,26.354024390243904,1.5190767565843775
Kauã Elias,Fluminense,FW,1465,5.0,2.7,6,2,28,33,19,23,3,74,28,,14.878048780487804,2,mei assist,5.5,4.995000000000001,10.8,4,17.853658536585364,28.5,25.3,3.0,,99.94865853658537,11.56341173441356
Keno,Fluminense,"FW,MF",1397,2.7,1.1,1,1,62,41,20,20,45,80,37,,25.121951219512194,0,construtores diretos,2.9700000000000006,2.035,1.8,2,30.146341463414632,30.0,22.0,45.0,,135.95134146341462,16.47712605084816
Kevin Serna,Fluminense,FW,872,2.6,1.2,3,2,40,12,12,8,39,60,26,,12.682926829268293,1,mei apoio,2.8600000000000003,2.22,5.4,4,15.21951219512195,18.0,8.8,39.0,,95.49951219512195,10.956183819805288
Lima,Fluminense,"MF,FW",1847,2.8,0.8,4,1,31,63,20,70,44,59,26,,22.926829268292686,4,finalizadores criativos,3.08,1.4800000000000002,7.2,2,27.512195121951223,30.0,77.0,44.0,,192.27219512195123,24.16390276963371
Breno,Fortaleza,"FW,MF",1897,4.5,1.3,5,3,81,43,18,31,78,56,28,,30.24390243902439,0,construtores diretos,4.95,2.4050000000000002,9.0,6,36.292682926829265,27.0,34.1,78.0,,197.74768292682927,24.911207709961996
Hércules,Fortaleza,MF,2317,1.5,1.5,4,1,32,96,19,92,33,56,37,,31.21951219512195,4,finalizadores criativos,1.6500000000000001,2.7750000000000004,7.2,2,37.46341463414634,28.5,101.2,33.0,,213.78841463414633,27.100477137368856
José Welison,Fortaleza,MF,883,0.1,0.7,0,1,7,42,7,37,7,6,2,,11.951219512195122,1,mei apoio,0.11000000000000001,1.295,0.0,2,14.341463414634147,10.5,40.7,7.0,,75.94646341463415,8.287546709679546
Juan Martín Lucero,Fortaleza,FW,2246,6.3,2.2,6,3,13,27,18,18,5,9,3,,9.75609756097561,2,mei assist,6.930000000000001,4.07,10.8,6,11.707317073170731,27.0,19.8,5.0,,91.30731707317074,10.384025094026871
Leandro Emmanuel Martínez,Fortaleza,"MF,FW",1011,1.0,1.9,1,4,15,51,19,35,34,28,15,,16.097560975609756,4,finalizadores criativos,1.1,3.515,1.8,8,19.317073170731707,28.5,38.5,34.0,,134.73207317073172,16.31071800627251
Lucas Sasha,Fortaleza,MF,1220,0.6,1.6,0,0,7,40,13,33,4,12,6,,11.463414634146343,1,mei apoio,0.66,2.9600000000000004,0.0,0,13.756097560975611,19.5,36.300000000000004,4.0,,77.17609756097562,8.455369505584356
Marinho,Fortaleza,FW,1348,2.2,1.8,4,3,55,54,17,34,55,63,27,,26.585365853658537,0,construtores diretos,2.4200000000000004,3.33,7.2,6,31.902439024390244,25.5,37.400000000000006,55.0,,168.75243902439024,20.953881936172078
Matheus Rossetto,Fortaleza,MF,1548,0.1,0.2,0,0,26,94,5,119,2,27,18,,29.268292682926827,4,finalizadores criativos,0.11000000000000001,0.37000000000000005,0.0,0,35.12195121951219,7.5,130.9,2.0,,176.0019512195122,21.94330908338594
Moises,Fortaleza,"FW,MF",1171,5.8,2.7,7,2,50,25,19,26,5,71,33,,18.29268292682927,2,mei assist,6.38,4.995000000000001,12.6,4,21.95121951219512,28.5,28.6,5.0,,112.02621951219513,13.211780118349775
Pedro Borges,Fortaleza,MF,1168,0.1,0.2,0,1,2,51,4,39,1,9,3,,12.926829268292684,1,mei apoio,0.11000000000000001,0.37000000000000005,0.0,2,15.512195121951219,6.0,42.900000000000006,1.0,,67.89219512195123,7.188284926923101
Renato Kayser,Fortaleza,FW,1112,6.2,1.2,4,1,20,23,12,15,2,27,13,,10.487804878048781,2,mei assist,6.820000000000001,2.22,7.2,2,12.585365853658537,18.0,16.5,2.0,,67.32536585365854,7.1109229954180355
Tomas Pochettino,Fortaleza,"MF,FW",1648,3.2,4.7,5,6,57,89,51,74,131,41,20,,35.609756097560975,3,mei completos,3.5200000000000005,8.695,9.0,12,42.731707317073166,76.5,81.4,131.0,,364.8467073170732,47.71719886560245
Yago Pikachu,Fortaleza,"FW,MF",1633,3.6,1.9,2,4,25,60,19,42,44,32,12,,20.73170731707317,4,finalizadores criativos,3.9600000000000004,3.515,3.6,8,24.878048780487802,28.5,46.2,44.0,,162.6530487804878,20.12142560996171
Alexander Aravena,Grêmio,"FW,MF",770,2.2,1.1,2,2,22,15,9,7,12,28,13,,9.024390243902438,1,mei apoio,2.4200000000000004,2.035,3.6,4,10.829268292682926,13.5,7.700000000000001,12.0,,56.08426829268293,5.5767167216783005
Cristian Pavón,Grêmio,"FW,MF",1087,2.5,2.3,1,3,29,43,18,27,58,40,18,,17.560975609756095,4,finalizadores criativos,2.75,4.255,1.8,6,21.073170731707314,27.0,29.700000000000003,58.0,,150.5781707317073,18.47342339695775
Dodi,Grêmio,MF,2400,0.9,1.1,0,2,24,79,8,67,4,36,22,,25.121951219512194,4,finalizadores criativos,0.9900000000000001,2.035,0.0,4,30.146341463414632,12.0,73.7,4.0,,126.87134146341464,15.237870463038123
Edenílson,Grêmio,"MF,FW",1333,2.2,0.9,1,1,21,50,13,41,18,29,12,,17.317073170731707,1,mei apoio,2.4200000000000004,1.665,1.8,2,20.780487804878046,19.5,45.1,18.0,,111.26548780487805,13.107954014922797
Franco Cristaldo,Grêmio,"MF,FW",2136,5.2,5.5,5,2,31,157,69,113,147,30,13,,45.85365853658537,3,mei completos,5.720000000000001,10.175,9.0,4,55.024390243902445,103.5,124.30000000000001,147.0,,458.71939024390247,60.52912032593207
Gustavo Nunes,Grêmio,"FW,MF",1238,1.9,1.3,3,1,52,48,13,24,22,97,51,,24.390243902439025,0,construtores diretos,2.09,2.4050000000000002,5.4,2,29.268292682926827,19.5,26.400000000000002,22.0,,109.06329268292683,12.807394256076316
João Pedro Pepê,Grêmio,MF,1283,0.6,0.4,1,0,21,81,6,59,7,27,11,,24.878048780487806,1,mei apoio,0.66,0.7400000000000001,1.8,0,29.853658536585364,9.0,64.9,7.0,,113.95365853658537,13.474840644906902
Martin Braithwaite,Grêmio,FW,1462,5.6,1.4,8,2,19,31,13,12,6,28,11,,12.195121951219512,2,mei assist,6.16,2.59,14.4,4,14.634146341463413,19.5,13.200000000000001,6.0,,80.48414634146341,8.906858265052163
Mathías Villasanti,Grêmio,MF,2339,2.1,1.6,3,1,17,120,17,95,11,43,20,,33.41463414634146,4,finalizadores criativos,2.3100000000000005,2.9600000000000004,5.4,2,40.09756097560975,25.5,104.50000000000001,11.0,,193.76756097560977,24.367993131964845
Miguel Monsalve,Grêmio,"FW,MF",978,2.6,1.0,3,1,35,44,11,31,7,66,39,,19.26829268292683,1,mei apoio,2.8600000000000003,1.85,5.4,2,23.121951219512194,16.5,34.1,7.0,,92.83195121951219,10.592110048346214
Yeferson Soteldo,Grêmio,"FW,MF",1673,2.9,4.6,5,2,120,79,49,33,79,120,62,,48.536585365853654,0,construtores diretos,3.19,8.51,9.0,4,58.24390243902438,73.5,36.300000000000004,79.0,,271.7439024390244,35.010351818696115
Alan Patrick,Internacional,"MF,FW",1777,7.0,8.2,4,3,36,127,81,88,111,59,34,,39.75609756097561,3,mei completos,7.700000000000001,15.17,7.2,6,47.707317073170735,121.5,96.80000000000001,111.0,,413.0773170731708,54.299803782312715
Bruno Henrique,Internacional,"MF,FW",1908,3.8,2.5,3,1,22,133,31,102,60,24,9,,37.80487804878049,4,finalizadores criativos,4.18,4.625,5.4,2,45.36585365853659,46.5,112.2,60.0,,280.27085365853657,36.1741262620622
Bruno Tabata,Internacional,"FW,MF",1071,2.4,2.6,2,3,39,62,18,43,63,45,19,,24.634146341463413,4,finalizadores criativos,2.64,4.8100000000000005,3.6,6,29.560975609756095,27.0,47.300000000000004,63.0,,183.9109756097561,23.022747703400878
Enner Valencia,Internacional,FW,961,4.2,0.5,3,1,26,11,8,6,12,27,10,,9.024390243902438,1,mei apoio,4.620000000000001,0.925,5.4,2,10.829268292682926,12.0,6.6000000000000005,12.0,,54.37426829268293,5.343332684766939
Gabriel Carvalho,Internacional,"FW,MF",1301,3.2,4.0,1,3,50,61,27,43,50,66,34,,27.073170731707318,0,construtores diretos,3.5200000000000005,7.4,1.8,6,32.48780487804878,40.5,47.300000000000004,50.0,,189.00780487804877,23.71837260988165
Gustavo Prado,Internacional,"FW,MF",664,1.3,1.6,1,0,21,29,13,13,35,29,12,,12.195121951219512,1,mei apoio,1.4300000000000002,2.9600000000000004,1.8,0,14.634146341463413,19.5,14.3,35.0,,89.62414634146342,10.154302766438038
Lucas Alario,Internacional,"FW,MF",638,1.9,0.1,0,0,0,7,3,4,2,10,6,,1.707317073170732,1,mei apoio,2.09,0.18500000000000003,0.0,0,2.048780487804878,4.5,4.4,2.0,,15.223780487804879,0.0
Rafael Borré,Internacional,FW,1870,12.9,1.0,9,3,20,42,18,20,12,32,14,,15.121951219512194,2,mei assist,14.190000000000001,1.85,16.2,6,18.146341463414632,27.0,22.0,12.0,,117.38634146341464,13.943339708591186
Romulo,Internacional,MF,1794,0.4,0.1,0,0,13,73,5,81,3,11,5,,20.975609756097562,1,mei apoio,0.44000000000000006,0.18500000000000003,0.0,0,25.170731707317074,7.5,89.10000000000001,3.0,,125.39573170731708,15.036476450299038
Thiago Maia,Internacional,MF,1896,2.3,2.5,2,4,22,104,20,86,7,22,14,,30.73170731707317,4,finalizadores criativos,2.53,4.625,3.6,8,36.8780487804878,30.0,94.60000000000001,7.0,,187.23304878048782,23.47615053819637
Wanderson,Internacional,"FW,MF",1015,2.4,2.5,2,2,29,33,19,17,50,38,20,,15.121951219512194,1,mei apoio,2.64,4.625,3.6,4,18.146341463414632,28.5,18.700000000000003,50.0,,130.21134146341464,15.693719985426396
Wesley,Internacional,"FW,MF",2515,6.5,3.5,11,1,101,108,35,65,72,166,85,,50.97560975609756,0,construtores diretos,7.15,6.4750000000000005,19.8,2,61.170731707317074,52.5,71.5,72.0,,292.5957317073171,37.85624894829883
Caíque de Jesus Gonçalves,Juventude,MF,1422,0.1,0.3,0,0,13,59,6,61,2,16,12,,17.560975609756095,1,mei apoio,0.11000000000000001,0.555,0.0,0,21.073170731707314,9.0,67.10000000000001,2.0,,99.83817073170732,11.548332149658055
Edson Carioca,Juventude,FW,740,1.8,0.3,3,2,19,23,4,13,13,38,18,,10.24390243902439,1,mei apoio,1.9800000000000002,0.555,5.4,4,12.292682926829269,6.0,14.3,13.0,,57.52768292682927,5.7737166832303535
Erick,Juventude,FW,2112,5.0,2.6,5,3,31,35,21,21,24,42,26,,16.097560975609756,2,mei assist,5.5,4.8100000000000005,9.0,6,19.317073170731707,31.5,23.1,24.0,,123.2270731707317,14.740493828105713
Gabriel Taliari,Juventude,FW,914,3.3,1.6,2,2,9,12,11,9,5,24,7,,5.121951219512195,1,mei apoio,3.63,2.9600000000000004,3.6,4,6.146341463414634,16.5,9.9,5.0,,51.73634146341463,4.983303437695931
Gilberto,Juventude,FW,1110,3.7,1.5,3,1,16,14,13,11,14,6,4,,7.317073170731707,1,mei apoio,4.07,2.7750000000000004,5.4,2,8.780487804878048,19.5,12.100000000000001,14.0,,68.62548780487805,7.288366100361126
Jadson,Juventude,MF,2843,1.7,3.7,1,5,21,182,57,141,33,38,20,,49.51219512195122,5,dribladores_cross,1.87,6.845000000000001,1.8,10,59.41463414634146,85.5,155.10000000000002,33.0,,353.5296341463415,46.17262329682664
Jean Carlos Vicente,Juventude,"MF,FW",1031,1.7,2.7,4,2,26,52,25,37,90,12,9,,19.024390243902438,4,finalizadores criativos,1.87,4.995000000000001,7.2,4,22.829268292682926,37.5,40.7,90.0,,209.09426829268293,26.45981115899258
Lucas Barbosa,Juventude,FW,2443,6.4,3.4,7,2,61,103,28,59,55,51,18,,40.0,2,mei assist,7.040000000000001,6.29,12.6,4,48.0,42.0,64.9,55.0,,239.83,30.654682003014923
Luis Mandaca,Juventude,MF,1101,4.9,1.6,4,2,24,41,19,30,9,44,14,,15.853658536585366,2,mei assist,5.390000000000001,2.9600000000000004,7.2,4,19.024390243902438,28.5,33.0,9.0,,109.07439024390244,12.80890887220518
Luis Oyama,Juventude,MF,684,0.6,0.7,2,1,8,28,4,29,4,12,3,,8.780487804878048,1,mei apoio,0.66,1.295,3.6,2,10.536585365853657,6.0,31.900000000000002,4.0,,59.99158536585366,6.109994752104775
Marcelinho,Juventude,"FW,MF",1002,2.3,0.5,2,3,19,29,15,17,31,32,12,,11.707317073170733,1,mei apoio,2.53,0.925,3.6,6,14.04878048780488,22.5,18.700000000000003,31.0,,99.30378048780489,11.475397557606595
Nenê,Juventude,"MF,FW",1506,1.7,4.3,3,4,23,73,47,42,158,26,12,,23.414634146341466,3,mei completos,1.87,7.955,5.4,8,28.09756097560976,70.5,46.2,158.0,,326.02256097560974,42.418405881504086
Ronaldo,Juventude,MF,1135,1.0,1.2,2,2,11,47,7,41,3,13,5,,14.146341463414632,1,mei apoio,1.1,2.22,3.6,4,16.97560975609756,10.5,45.1,3.0,,86.49560975609756,9.727314171164606
Ronie Carrillo,Juventude,FW,678,1.0,0.3,1,0,6,10,5,6,7,13,3,,3.902439024390244,1,mei apoio,1.1,0.555,1.8,0,4.682926829268292,7.5,6.6000000000000005,7.0,,29.237926829268293,1.9126772204896603
Aníbal Moreno,Palmeiras,MF,2517,0.9,1.1,1,1,25,167,24,155,16,22,12,,46.82926829268293,4,finalizadores criativos,0.9900000000000001,2.035,1.8,2,56.19512195121952,36.0,170.5,16.0,,285.5201219512195,36.890556335148254
Estêvão Willian,Palmeiras,FW,2097,10.5,7.1,10,9,145,92,49,48,71,182,84,,57.80487804878048,3,mei completos,11.55,13.135,18.0,18,69.36585365853658,73.5,52.800000000000004,71.0,,327.3508536585366,42.59969378123583
Felipe Anderson,Palmeiras,FW,1310,2.8,4.3,2,2,46,57,32,37,45,42,24,,25.121951219512194,0,construtores diretos,3.08,7.955,3.6,4,30.146341463414632,48.0,40.7,45.0,,182.48134146341465,22.827628528909948
Gabriel Menino,Palmeiras,"MF,FW",1067,2.1,1.4,1,0,25,73,25,58,74,25,11,,23.902439024390244,4,finalizadores criativos,2.3100000000000005,2.59,1.8,0,28.682926829268293,37.5,63.800000000000004,74.0,,210.6829268292683,26.676634283286145
José López,Palmeiras,FW,2140,9.4,3.0,10,2,32,41,19,37,15,37,14,,17.804878048780488,2,mei assist,10.340000000000002,5.550000000000001,18.0,4,21.365853658536583,28.5,40.7,15.0,,143.45585365853657,17.50135608075933
Lázaro,Palmeiras,"FW,MF",773,2.7,0.5,2,0,28,41,10,24,15,29,11,,16.82926829268293,1,mei apoio,2.9700000000000006,0.925,3.6,0,20.195121951219516,15.0,26.400000000000002,15.0,,84.09012195121952,9.399008642133326
Mauricio,Palmeiras,MF,1132,3.5,1.1,3,0,13,47,16,34,29,13,3,,14.634146341463413,1,mei apoio,3.8500000000000005,2.035,5.4,0,17.560975609756095,24.0,37.400000000000006,29.0,,119.2459756097561,14.197146097042287
Raphael Veiga,Palmeiras,MF,2478,10.8,7.1,8,3,57,168,85,131,209,42,20,,54.87804878048781,3,mei completos,11.880000000000003,13.135,14.4,6,65.85365853658537,127.5,144.10000000000002,209.0,,591.8686585365854,78.70158450484452
Richard Ríos,Palmeiras,MF,1742,1.2,1.4,3,4,27,103,17,73,35,55,20,,31.70731707317073,4,finalizadores criativos,1.32,2.59,5.4,8,38.048780487804876,25.5,80.30000000000001,35.0,,196.1587804878049,24.69435129740187
Rony,Palmeiras,FW,1721,8.3,2.7,4,2,22,20,23,10,37,23,13,,10.24390243902439,2,mei assist,9.13,4.995000000000001,7.2,4,12.292682926829269,34.5,11.0,37.0,,120.11768292682927,14.316118361757907
Zé Rafael,Palmeiras,MF,951,0.6,1.8,0,2,10,49,13,43,4,19,6,,14.390243902439023,1,mei apoio,0.66,3.33,0.0,4,17.268292682926827,19.5,47.300000000000004,4.0,,96.05829268292683,11.032447238513592
Eduardo Sasha,Red Bull Bragantino,FW,2079,5.4,2.6,7,4,25,58,29,33,13,33,11,,20.243902439024392,2,mei assist,5.940000000000001,4.8100000000000005,12.6,8,24.29268292682927,43.5,36.300000000000004,13.0,,148.44268292682926,18.181967979017738
Eric Ramires,Red Bull Bragantino,MF,1106,2.0,0.3,2,2,9,38,8,42,10,21,10,,11.463414634146343,1,mei apoio,2.2,0.555,3.6,4,13.756097560975611,12.0,46.2,10.0,,92.31109756097561,10.521022955089302
Gustavinho,Red Bull Bragantino,"MF,FW",954,0.9,1.5,1,3,9,45,22,40,45,33,17,,13.170731707317074,4,finalizadores criativos,0.9900000000000001,2.7750000000000004,1.8,6,15.804878048780488,33.0,44.0,45.0,,149.3698780487805,18.308513324377678
Helinho,Red Bull Bragantino,"FW,MF",1102,3.4,2.1,7,2,35,43,24,37,71,60,35,,19.024390243902438,0,construtores diretos,3.74,3.8850000000000002,12.6,4,22.829268292682926,36.0,40.7,71.0,,194.75426829268292,24.50266081436748
Henry Mosquera,Red Bull Bragantino,"FW,MF",1934,4.3,2.1,1,2,97,38,34,13,40,142,71,,32.926829268292686,0,construtores diretos,4.73,3.8850000000000002,1.8,4,39.51219512195122,51.0,14.3,40.0,,159.22719512195124,19.65385861774135
Jhonatan Jowjow,Red Bull Bragantino,"MF,FW",1157,2.2,2.6,3,3,46,56,29,36,20,58,32,,24.878048780487806,0,construtores diretos,2.4200000000000004,4.8100000000000005,5.4,6,29.853658536585364,43.5,39.6,20.0,,151.58365853658538,18.610654275886162
Lincoln,Red Bull Bragantino,"MF,FW",1552,2.5,3.0,2,2,29,96,31,67,87,19,8,,30.48780487804878,4,finalizadores criativos,2.75,5.550000000000001,3.6,4,36.58536585365854,46.5,73.7,87.0,,259.68536585365854,33.36457991955225
Lucas Evangelista,Red Bull Bragantino,MF,2540,2.6,2.0,2,3,26,131,33,97,35,34,15,,38.29268292682927,4,finalizadores criativos,2.8600000000000003,3.7,3.6,6,45.951219512195124,49.5,106.7,35.0,,253.31121951219512,32.49462436105253
Matheus Fernandes,Red Bull Bragantino,MF,846,0.6,0.6,1,1,7,38,6,43,2,14,10,,10.975609756097562,1,mei apoio,0.66,1.11,1.8,2,13.170731707317074,9.0,47.300000000000004,2.0,,77.04073170731708,8.43689451763887
Raul,Red Bull Bragantino,MF,1305,0.3,1.1,1,1,9,68,11,58,2,11,7,,18.78048780487805,1,mei apoio,0.33,2.035,1.8,2,22.536585365853657,16.5,63.800000000000004,2.0,,111.00158536585366,13.071936110495741
Thiago Borbas,Red Bull Bragantino,FW,956,2.0,0.3,2,0,2,12,7,5,1,14,5,,3.414634146341464,1,mei apoio,2.2,0.555,3.6,0,4.097560975609756,10.5,5.5,1.0,,27.452560975609757,1.6690071092086496
Vinicius Mendonça,Red Bull Bragantino,FW,718,1.7,0.9,2,0,32,22,12,7,28,48,21,,13.170731707317074,1,mei apoio,1.87,1.665,3.6,0,15.804878048780488,18.0,7.700000000000001,28.0,,76.63987804878049,8.382185251533631
Vitinho,Red Bull Bragantino,"FW,MF",1915,3.8,2.7,3,3,72,51,30,38,128,34,14,,30.0,0,construtores diretos,4.18,4.995000000000001,5.4,6,36.0,45.0,41.800000000000004,128.0,,271.375,34.960003315511344
Alisson,São Paulo,MF,1609,0.6,0.6,1,2,21,114,14,119,15,31,17,,32.926829268292686,4,finalizadores criativos,0.66,1.11,1.8,4,39.51219512195122,21.0,130.9,15.0,,213.98219512195124,27.126924665157485
André Silva,São Paulo,FW,1535,3.9,0.8,7,2,20,32,15,16,19,25,12,,12.682926829268293,2,mei assist,4.29,1.4800000000000002,12.6,4,15.21951219512195,22.5,17.6,19.0,,96.68951219512195,11.118597272392726
Damián Bobadilla,São Paulo,MF,1031,0.9,0.8,1,0,7,60,13,69,8,9,6,,16.34146341463415,1,mei apoio,0.9900000000000001,1.4800000000000002,1.8,0,19.60975609756098,19.5,75.9,8.0,,127.27975609756098,15.293611665406983
Erick,São Paulo,"FW,MF",646,0.6,2.2,1,2,33,42,27,18,36,50,29,,18.29268292682927,4,finalizadores criativos,0.66,4.07,1.8,4,21.95121951219512,40.5,19.8,36.0,,128.78121951219512,15.498534234402324
Ferreira,São Paulo,"FW,MF",1230,2.9,1.8,5,1,76,57,30,30,71,95,50,,32.4390243902439,0,construtores diretos,3.19,3.33,9.0,2,38.92682926829268,45.0,33.0,71.0,,205.44682926829267,25.962001776594786
Jonathan Calleri,São Paulo,FW,2047,5.6,1.3,5,4,24,28,19,20,26,22,11,,12.682926829268293,2,mei assist,6.16,2.4050000000000002,9.0,8,15.21951219512195,28.5,22.0,26.0,,117.28451219512195,13.92944185729886
Lucas Moura,São Paulo,"FW,MF",2246,5.2,3.2,8,6,87,131,40,114,45,102,48,,53.170731707317074,0,construtores diretos,5.720000000000001,5.920000000000001,14.4,12,63.80487804878049,60.0,125.4,45.0,,332.2448780487805,43.267639494064944
Luciano,São Paulo,"MF,FW",2302,7.1,2.4,10,2,24,92,23,78,9,36,15,,28.292682926829265,2,mei assist,7.8100000000000005,4.44,18.0,4,33.95121951219512,34.5,85.80000000000001,9.0,,197.50121951219512,24.877569916594584
Luiz Gustavo,São Paulo,MF,2142,1.3,0.7,2,1,32,132,14,162,10,25,11,,40.0,4,finalizadores criativos,1.4300000000000002,1.295,3.6,2,48.0,21.0,178.20000000000002,10.0,,265.525,34.16158424186722
Marcos Antônio,São Paulo,MF,844,0.1,0.3,0,0,10,50,9,55,2,6,3,,14.634146341463413,1,mei apoio,0.11000000000000001,0.555,0.0,0,17.560975609756095,13.5,60.50000000000001,2.0,,94.22597560975609,10.782369135918154
Rodrigo Nestor,São Paulo,"MF,FW",984,1.1,1.4,0,2,29,50,15,36,59,24,6,,19.26829268292683,1,mei apoio,1.2100000000000002,2.59,0.0,4,23.121951219512194,22.5,39.6,59.0,,152.0219512195122,18.670473290909655
Wellington Rato,São Paulo,"FW,MF",1052,2.2,3.5,1,5,24,47,30,39,93,16,9,,17.317073170731707,4,finalizadores criativos,2.4200000000000004,6.4750000000000005,1.8,10,20.780487804878046,45.0,42.900000000000006,93.0,,222.37548780487805,28.272457138444068
Adson,Vasco da Gama,FW,1224,1.5,2.6,2,1,42,72,21,49,22,50,25,,27.80487804878049,4,finalizadores criativos,1.6500000000000001,4.8100000000000005,3.6,2,33.36585365853659,31.5,53.900000000000006,22.0,,152.8258536585366,18.78019141751925
David,Vasco da Gama,FW,1588,1.8,1.9,4,3,41,48,20,25,15,64,37,,21.70731707317073,0,construtores diretos,1.9800000000000002,3.515,7.2,6,26.048780487804876,30.0,27.500000000000004,15.0,,117.24378048780488,13.923882716781929
Dimitri Payet,Vasco da Gama,"MF,FW",1220,1.8,2.6,2,3,24,100,29,64,81,31,17,,30.24390243902439,4,finalizadores criativos,1.9800000000000002,4.8100000000000005,3.6,6,36.292682926829265,43.5,70.4,81.0,,247.58268292682928,31.71278284415948
Emerson Rodríguez,Vasco da Gama,FW,795,1.4,0.5,2,0,30,12,13,11,28,42,24,,10.24390243902439,1,mei apoio,1.54,0.925,3.6,0,12.292682926829269,19.5,12.100000000000001,28.0,,77.95768292682928,8.562041755802936
Hugo Moura,Vasco da Gama,MF,2114,1.9,0.9,1,4,22,114,17,87,17,16,9,,33.170731707317074,4,finalizadores criativos,2.09,1.665,1.8,8,39.80487804878049,25.5,95.7,17.0,,191.5598780487805,24.066684387120567
Juan Sforza,Vasco da Gama,MF,1250,0.7,0.1,1,0,7,66,2,63,5,9,8,,17.804878048780488,1,mei apoio,0.77,0.18500000000000003,1.8,0,21.365853658536583,3.0,69.30000000000001,5.0,,101.4208536585366,11.764339711420691
Mateus Cocão,Vasco da Gama,MF,2156,0.7,1.0,2,2,20,114,11,127,12,26,19,,32.6829268292683,4,finalizadores criativos,0.77,1.85,3.6,4,39.21951219512196,16.5,139.70000000000002,12.0,,217.63951219512197,27.626082222351307
Pablo Galdames Millán,Vasco da Gama,MF,1154,0.3,0.7,0,2,8,71,18,61,19,8,2,,19.26829268292683,1,mei apoio,0.33,1.295,0.0,4,23.121951219512194,27.0,67.10000000000001,19.0,,141.84695121951222,17.281770030340592
Pablo Vegetti,Vasco da Gama,FW,2986,12.4,2.8,12,2,10,37,19,28,17,17,3,,11.463414634146343,2,mei assist,13.640000000000002,5.18,21.6,4,13.756097560975611,28.5,30.800000000000004,17.0,,134.47609756097563,16.27578197050893
Philippe Coutinho,Vasco da Gama,MF,667,2.3,1.0,2,1,28,60,11,57,38,24,12,,21.463414634146343,1,mei apoio,2.53,1.85,3.6,2,25.75609756097561,16.5,62.7,38.0,,152.9360975609756,18.795237714008184
Rayan Vitor,Vasco da Gama,"FW,MF",855,1.9,1.4,1,0,16,15,11,14,8,16,7,,7.560975609756097,1,mei apoio,2.09,2.59,1.8,0,9.073170731707316,16.5,15.400000000000002,8.0,,55.45317073170732,5.490583331932451
Alerrandro,Vitória,FW,2387,11.0,2.8,11,4,16,55,33,28,7,24,10,,17.317073170731707,2,mei assist,12.100000000000001,5.18,19.8,8,20.780487804878046,49.5,30.800000000000004,7.0,,153.16048780487804,18.82586291925115
Carlos Eduardo,Vitória,"FW,MF",871,1.5,1.2,0,2,19,22,9,16,19,34,16,,10.0,1,mei apoio,1.6500000000000001,2.22,0.0,4,12.0,13.5,17.6,19.0,,69.97,7.471867669819675
Gustavo Mosquito,Vitória,"FW,MF",797,2.1,2.0,0,2,23,22,10,12,22,30,11,,10.975609756097562,1,mei apoio,2.3100000000000005,3.7,0.0,4,13.170731707317074,15.0,13.200000000000001,22.0,,73.38073170731707,7.937370789512796
Janderson,Vitória,"FW,MF",1396,2.1,1.6,3,1,39,23,13,20,14,59,28,,15.121951219512194,1,mei apoio,2.3100000000000005,2.9600000000000004,5.4,2,18.146341463414632,19.5,22.0,14.0,,86.31634146341463,9.702847295236799
José Hugo,Vitória,"MF,FW",632,1.5,0.9,1,2,34,17,9,11,39,43,20,,12.439024390243903,1,mei apoio,1.6500000000000001,1.665,1.8,4,14.926829268292682,13.5,12.100000000000001,39.0,,88.64182926829268,10.020234272833628
Luan Silva,Vitória,MF,1585,0.4,0.2,0,0,6,41,6,30,4,11,7,,11.463414634146343,1,mei apoio,0.44000000000000006,0.37000000000000005,0.0,0,13.756097560975611,9.0,33.0,4.0,,60.566097560975614,6.188405264006745
Léo Naldi,Vitória,MF,1103,0.5,0.2,0,0,13,45,7,43,8,15,4,,14.146341463414632,1,mei apoio,0.55,0.37000000000000005,0.0,0,16.97560975609756,10.5,47.300000000000004,8.0,,83.69560975609755,9.345164870958866
Machado,Vitória,MF,822,0.3,0.5,0,0,3,39,10,34,47,17,12,,10.24390243902439,1,mei apoio,0.33,0.925,0.0,0,12.292682926829269,15.0,37.400000000000006,47.0,,112.94768292682927,13.337543189445356
Matheusinho,Vitória,"MF,FW",2469,3.5,3.4,5,5,55,98,37,79,101,80,37,,37.31707317073171,0,construtores diretos,3.8500000000000005,6.29,9.0,10,44.78048780487805,55.5,86.9,101.0,,317.32048780487804,41.230730462741846
Osvaldo,Vitória,"MF,FW",1072,2.4,1.6,1,0,29,37,19,15,45,33,12,,16.097560975609756,1,mei apoio,2.64,2.9600000000000004,1.8,0,19.317073170731707,28.5,16.5,45.0,,116.71707317073171,13.851996705127375
Ricardo,Vitória,MF,1043,0.2,0.5,0,1,5,54,10,43,8,11,5,,14.390243902439023,1,mei apoio,0.22000000000000003,0.925,0.0,2,17.268292682926827,15.0,47.300000000000004,8.0,,90.71329268292683,10.302951520799425
Willian,Vitória,MF,2649,4.1,1.2,5,1,11,102,31,78,3,20,4,,27.5609756097561,4,finalizadores criativos,4.51,2.22,9.0,2,33.073170731707314,46.5,85.80000000000001,3.0,,186.10317073170734,23.321942643318057
