jogador,time,posicao,Minutos,PrgR,xG,xAG,G-PK,Assistencias,PrgC,PrgP,Aerial Duel%,Aerial Duel Won,Aerial Duel Lost,Aerial Duels ,Acoes Ofensivas,Cluster,Perfil,PrgR_Pontuacao,xG_Pontuacao,xAG_Pontuacao,G-PK_Pontuacao,Assistencias_Pontuacao,Acoes Ofensivas_Pontuacao,Aerial Duel%_Pontuacao,Pontuacao_Total,Pontuacao
Agustín Canobbio,Ath Paranaense,"FW,MF",1215,136,3.5,2.5,4,1,47,57,62.5,7,7,50.0% (7/7),25.365853658536587,4,ata mobilidade,544,17.5,10.0,40.0,3,50.73170731707317,125.0,790.2317073170732,45.00380034159987
Bruno Zapelli,Ath Paranaense,"MF,FW",1412,116,3.7,4.7,0,5,37,82,23.75,4,17,19.0% (4/17),29.024390243902438,2,ata fin_criador,464,18.5,18.8,0.0,15,58.048780487804876,47.5,621.8487804878049,33.10519793661272
Christian,Ath Paranaense,"MF,FW",1507,102,1.8,1.8,1,0,15,58,56.875,15,18,45.5% (15/18),17.804878048780488,0,ata gol,408,9.0,7.2,10.0,0,35.609756097560975,113.75,583.5597560975609,30.3995443037102
Fernandinho,Ath Paranaense,MF,1551,36,1.6,2.4,1,3,39,168,74.25,19,13,59.4% (19/13),50.48780487804878,4,ata mobilidade,144,8.0,9.6,10.0,9,100.97560975609755,148.5,430.07560975609755,19.55374855009643
Filipinho,Ath Paranaense,MF,923,11,0.6,0.2,0,0,7,16,55.49999999999999,8,10,44.4% (8/10),5.609756097560976,0,ata gol,44,3.0,0.8,0.0,0,11.219512195121952,110.99999999999999,170.01951219512193,1.1771579649472328
Gabriel,Ath Paranaense,MF,1431,5,0.4,0.3,1,2,17,103,49.375,17,26,39.5% (17/26),29.268292682926827,0,ata gol,20,2.0,1.2,10.0,6,58.536585365853654,98.75,196.48658536585367,3.0474258502510296
Gonzalo Mastriani,Ath Paranaense,FW,900,40,3.9,0.9,4,0,2,17,60.5,30,32,48.4% (30/32),4.634146341463414,1,ata criador sec,160,19.5,3.6,40.0,0,9.268292682926829,121.0,353.36829268292684,14.133306676364288
João Machado Cruz,Ath Paranaense,"MF,FW",838,61,0.7,1.0,1,2,22,37,57.75,6,7,46.2% (6/7),14.390243902439023,0,ata gol,244,3.5,4.0,10.0,6,28.780487804878046,115.5,411.780487804878,18.260943001770045
Julimar,Ath Paranaense,"FW,MF",1665,173,5.7,2.3,6,2,83,43,73.625,53,37,58.9% (53/37),30.73170731707317,3,ata aerea,692,28.5,9.2,60.0,6,61.46341463414634,147.25,1004.4134146341463,60.13872539472709
Lucas Di Yorio,Ath Paranaense,FW,799,47,4.0,0.2,3,0,15,10,47.75,26,42,38.2% (26/42),6.097560975609756,1,ata criador sec,188,20.0,0.8,30.0,0,12.195121951219512,95.5,346.4951219512195,13.647621296390453
Nikão,Ath Paranaense,"FW,MF",1624,135,3.6,2.9,6,2,32,89,55.75,25,31,44.6% (25/31),29.51219512195122,4,ata mobilidade,540,18.0,11.6,60.0,6,59.02439024390244,111.5,806.1243902439024,46.12684006335627
Pablo,Ath Paranaense,"FW,MF",1703,66,3.7,1.8,3,2,12,52,43.875,40,74,35.1% (40/74),15.609756097560975,1,ata criador sec,264,18.5,7.2,30.0,6,31.21951219512195,87.75,444.66951219512197,20.585011314849254
Tomás Cuello,Ath Paranaense,"FW,MF",2010,188,2.8,4.2,3,5,102,88,50.0,18,27,40.0% (18/27),46.34146341463415,2,ata fin_criador,752,14.0,16.8,30.0,15,92.6829268292683,100.0,1020.4829268292683,61.27426057072341
Alejo Cruz,Atl Goianiense,"FW,MF",2156,151,2.4,3.7,1,2,69,115,59.5,20,22,47.6% (20/22),44.87804878048781,4,ata mobilidade,604,12.0,14.8,10.0,6,89.75609756097562,119.0,855.5560975609756,49.61987966446689
Derek,Atl Goianiense,FW,986,53,3.8,1.9,3,1,20,17,30.874999999999996,20,61,24.7% (20/61),9.024390243902438,1,ata criador sec,212,19.0,7.6,30.0,3,18.048780487804876,61.74999999999999,351.39878048780486,13.99413316879549
Emiliano Rodríguez,Atl Goianiense,FW,1096,64,2.8,0.5,0,0,10,13,50.0,40,60,40.0% (40/60),5.609756097560976,1,ata criador sec,256,14.0,2.0,0.0,0,11.219512195121952,100.0,383.219512195122,16.242711703156267
Gabriel Baralhas,Atl Goianiense,MF,2452,59,2.4,2.4,1,3,22,121,60.5,31,33,48.4% (31/33),34.8780487804878,4,ata mobilidade,236,12.0,9.6,10.0,9,69.7560975609756,121.0,467.3560975609756,22.188135006058143
Gonzalo Freitas,Atl Goianiense,MF,820,4,0.5,0.2,0,0,2,27,87.25,30,13,69.8% (30/13),7.073170731707316,0,ata gol,16,2.5,0.8,0.0,0,14.146341463414632,174.5,207.94634146341463,3.857217460544525
Jan Carlos Hurtado,Atl Goianiense,FW,865,41,1.7,0.6,2,0,9,15,42.25,24,47,33.8% (24/47),5.853658536585367,1,ata criador sec,164,8.5,2.4,20.0,0,11.707317073170733,84.5,291.10731707317075,9.733700326260621
Janderson,Atl Goianiense,"FW,MF",962,116,2.5,1.0,3,0,35,43,17.875000000000004,2,12,14.3% (2/12),19.024390243902438,4,ata mobilidade,464,12.5,4.0,30.0,0,38.048780487804876,35.75000000000001,584.2987804878048,30.45176668487843
Luiz Fernando,Atl Goianiense,"FW,MF",2591,230,5.7,1.3,8,0,79,78,38.5,24,54,30.8% (24/54),38.29268292682927,3,ata aerea,920,28.5,5.2,80.0,0,76.58536585365854,77.0,1187.2853658536585,73.0611794674696
Rhaldney,Atl Goianiense,MF,2157,74,1.1,1.0,0,1,40,132,62.5,26,26,50.0% (26/26),41.951219512195124,0,ata gol,296,5.5,4.0,0.0,3,83.90243902439025,125.0,517.4024390243902,25.724607082595814
Shaylon,Atl Goianiense,"FW,MF",2167,95,4.1,5.7,1,2,36,129,46.0,7,12,36.8% (7/12),40.243902439024396,2,ata fin_criador,380,20.5,22.8,10.0,6,80.48780487804879,92.0,611.7878048780487,32.39424967813434
Alan Franco,Atlético Mineiro,MF,1631,52,1.0,2.0,0,0,5,50,81.25,26,14,65.0% (26/14),13.414634146341465,0,ata gol,208,5.0,8.0,0.0,0,26.82926829268293,162.5,410.32926829268297,18.1583941014562
Bernard,Atlético Mineiro,"MF,FW",900,70,0.5,1.8,0,0,28,61,0.0,0,4,0.0% (0/4),21.70731707317073,0,ata gol,280,2.5,7.2,0.0,0,43.41463414634146,0.0,333.1146341463415,12.702103200387446
Cadu,Atlético Mineiro,"FW,MF",1008,65,1.9,0.1,3,0,13,16,47.87499999999999,18,29,38.3% (18/29),7.073170731707316,0,ata gol,260,9.5,0.4,30.0,0,14.146341463414632,95.74999999999999,409.7963414634146,18.120735387643457
Deyverson,Atlético Mineiro,FW,1001,49,2.3,0.8,2,1,4,14,67.375,41,35,53.9% (41/35),4.390243902439024,1,ata criador sec,196,11.5,3.2,20.0,3,8.780487804878048,134.75,377.23048780487807,15.819503594382045
Eduardo Vargas,Atlético Mineiro,"MF,FW",851,67,5.4,1.2,6,2,13,40,56.50000000000001,14,17,45.2% (14/17),12.926829268292684,4,ata mobilidade,268,27.0,4.8,60.0,6,25.853658536585368,113.00000000000001,504.6536585365854,24.823727919670606
Fausto Vera,Atlético Mineiro,MF,1654,26,1.8,0.3,2,0,19,77,69.0,16,13,55.2% (16/13),23.414634146341466,0,ata gol,104,9.0,1.2,20.0,0,46.82926829268293,138.0,319.0292682926829,11.70677563851771
Federico Zaracho,Atlético Mineiro,MF,874,34,0.9,0.6,2,0,6,28,47.625,8,13,38.1% (8/13),8.292682926829269,0,ata gol,136,4.5,2.4,20.0,0,16.585365853658537,95.25,274.73536585365855,8.57679361473671
Hulk,Atlético Mineiro,"FW,MF",1892,143,9.5,1.9,6,5,38,60,49.625,23,35,39.7% (23/35),23.902439024390244,3,ata aerea,572,47.5,7.6,60.0,15,47.80487804878049,99.25,849.1548780487805,49.16754422098168
Igor Gomes,Atlético Mineiro,MF,1321,61,2.1,1.2,0,3,21,83,50.0,10,15,40.0% (10/15),25.365853658536587,0,ata gol,244,10.5,4.8,0.0,9,50.73170731707317,100.0,419.03170731707314,18.773342801153373
Otávio,Atlético Mineiro,MF,1917,17,0.2,0.2,0,0,19,89,63.74999999999999,25,24,51.0% (25/24),26.34146341463415,0,ata gol,68,1.0,0.8,0.0,0,52.6829268292683,127.49999999999999,249.98292682926828,6.827688547786924
Paulinho,Atlético Mineiro,"FW,MF",1991,158,5.9,1.6,7,1,54,79,32.0,10,29,25.6% (10/29),32.4390243902439,4,ata mobilidade,632,29.5,6.4,70.0,3,64.8780487804878,64.0,869.7780487804878,50.624858887542636
Ademir Santos,Bahia,"FW,MF",1131,147,3.6,2.8,3,4,66,29,26.5,7,26,21.2% (7/26),23.170731707317074,4,ata mobilidade,588,18.0,11.2,30.0,12,46.34146341463415,53.0,758.5414634146341,42.76444259071269
Biel,Bahia,"FW,MF",904,100,4.5,3.4,5,4,37,41,15.625,1,7,12.5% (1/7),19.024390243902438,4,ata mobilidade,400,22.5,13.6,50.0,12,38.048780487804876,31.25,567.3987804878049,29.257545961727715
Caio Alexandre,Bahia,MF,2774,52,1.1,2.3,2,0,80,236,46.0,7,12,36.8% (7/12),77.07317073170732,4,ata mobilidade,208,5.5,9.2,20.0,0,154.14634146341464,92.0,488.84634146341466,23.706720486167967
Carlos de Pena,Bahia,MF,683,28,1.0,2.3,0,3,14,68,86.5,9,4,69.2% (9/4),20.0,0,ata gol,112,5.0,9.2,0.0,9,40.0,173.0,348.2,13.768094710372605
Cauly Oliveira Souza,Bahia,"MF,FW",2676,179,3.5,5.4,4,6,65,138,39.75,7,15,31.8% (7/15),49.51219512195122,2,ata fin_criador,716,17.5,21.6,40.0,18,99.02439024390245,79.5,991.6243902439024,59.23500243876797
Everaldo Stum,Bahia,FW,2056,166,7.2,1.9,7,3,40,37,79.0,55,32,63.2% (55/32),18.78048780487805,3,ata aerea,664,36.0,7.6,70.0,9,37.5609756097561,158.0,982.1609756097561,58.566280198065876
Everton Ribeiro,Bahia,MF,2681,162,1.5,4.6,2,5,85,325,58.375,14,16,46.7% (14/16),100.0,2,ata fin_criador,648,7.5,18.4,20.0,15,200.0,116.75,1025.65,61.639386361168626
Jean Lucas,Bahia,MF,2901,149,5.4,2.8,3,6,53,126,52.125,20,28,41.7% (20/28),43.65853658536585,2,ata fin_criador,596,27.0,11.2,30.0,18,87.3170731707317,104.25,873.7670731707317,50.90673910008601
Luciano Rodríguez,Bahia,"FW,MF",900,70,5.8,1.1,5,1,23,28,26.5,7,26,21.2% (7/26),12.439024390243903,4,ata mobilidade,280,29.0,4.4,50.0,3,24.878048780487806,53.0,444.2780487804878,20.557348964428456
Thaciano,Bahia,"FW,MF",2343,124,5.7,2.6,7,2,20,50,52.75000000000001,38,52,42.2% (38/52),17.073170731707318,3,ata aerea,496,28.5,10.4,70.0,6,34.146341463414636,105.50000000000001,750.5463414634146,42.1994757079752
Carlos Eduardo,Botafogo (RJ),"MF,FW",823,29,1.7,0.5,2,1,11,41,46.875,9,15,37.5% (9/15),12.682926829268293,0,ata gol,116,8.5,2.0,20.0,3,25.365853658536587,93.75,268.6158536585366,8.144364722488888
Danilo Barbosa,Botafogo (RJ),MF,1153,13,1.3,0.4,3,1,9,53,62.5,18,18,50.0% (18/18),15.121951219512194,0,ata gol,52,6.5,1.6,30.0,3,30.24390243902439,125.0,248.3439024390244,6.711868613314811
Gregore,Botafogo (RJ),MF,2220,38,1.2,1.7,3,2,29,199,74.375,69,47,59.5% (69/47),55.60975609756098,1,ata criador sec,152,6.0,6.8,30.0,6,111.21951219512196,148.75,460.76951219512193,21.722700879507627
Igor Jesus,Botafogo (RJ),FW,1454,134,6.8,2.6,5,3,20,35,47.75,47,76,38.2% (47/76),13.414634146341465,3,ata aerea,536,34.0,10.4,50.0,9,26.82926829268293,95.5,761.729268292683,42.989705469217235
Jefferson Savarino,Botafogo (RJ),"MF,FW",2009,175,5.2,6.5,8,7,46,124,34.125,3,8,27.3% (3/8),41.46341463414634,2,ata fin_criador,700,26.0,26.0,80.0,21,82.92682926829268,68.25,1004.1768292682926,60.12200733870954
Júnior Santos,Botafogo (RJ),FW,1481,127,6.3,1.5,4,1,44,30,60.375,28,30,48.3% (28/30),18.048780487804876,1,ata criador sec,508,31.5,6.0,40.0,3,36.09756097560975,120.75,745.3475609756098,41.83210935332147
Luiz Henrique,Botafogo (RJ),"FW,MF",2533,261,7.1,3.8,6,3,85,74,48.125,25,40,38.5% (25/40),38.78048780487805,3,ata aerea,1044,35.5,15.2,60.0,9,77.5609756097561,96.25,1337.510975609756,83.67671416088287
Marlon Freitas,Botafogo (RJ),MF,2425,43,1.7,4.3,0,5,44,264,46.875,12,20,37.5% (12/20),75.1219512195122,2,ata fin_criador,172,8.5,17.2,0.0,15,150.2439024390244,93.75,456.6939024390244,21.434702203164022
Tchê Tchê,Botafogo (RJ),"MF,FW",1570,44,0.7,2.8,0,0,30,94,28.875,6,20,23.1% (6/20),30.24390243902439,0,ata gol,176,3.5,11.2,0.0,0,60.48780487804878,57.75,308.9378048780488,10.993672991377275
Thiago Almada,Botafogo (RJ),"FW,MF",1252,108,3.4,2.6,1,2,65,112,31.25,3,9,25.0% (3/9),43.170731707317074,4,ata mobilidade,432,17.0,10.4,10.0,6,86.34146341463415,62.5,624.2414634146342,33.27427435881085
Tiquinho Soares,Botafogo (RJ),FW,1349,69,6.7,2.1,3,3,7,27,44.625,30,54,35.7% (30/54),8.292682926829269,1,ata criador sec,276,33.5,8.4,30.0,9,16.585365853658537,89.25,462.73536585365855,21.86161586043698
Óscar Romero,Botafogo (RJ),"MF,FW",678,54,1.4,1.5,0,4,12,52,39.125,5,11,31.3% (5/11),15.609756097560975,0,ata gol,216,7.0,6.0,0.0,12,31.21951219512195,78.25,350.469512195122,13.928467402376036
André Carrillo,Corinthians,MF,730,25,0.2,2.2,0,2,13,66,0.0,0,3,0.0% (0/3),19.26829268292683,0,ata gol,100,1.0,8.8,0.0,6,38.53658536585366,0.0,154.33658536585367,0.06894043718578198
Breno,Corinthians,MF,1780,55,1.4,1.0,0,0,24,118,72.375,11,8,57.9% (11/8),34.63414634146341,0,ata gol,220,7.0,4.0,0.0,0,69.26829268292683,144.75,445.0182926829268,20.60965752114317
Igor Coronado,Corinthians,"MF,FW",1378,90,1.1,4.0,1,2,72,114,22.000000000000004,3,14,17.6% (3/14),45.36585365853659,4,ata mobilidade,360,5.5,16.0,10.0,6,90.73170731707317,44.00000000000001,532.2317073170732,26.77250172781971
José Andrés Martínez,Corinthians,MF,633,5,0.0,0.1,0,0,6,25,83.375,10,5,66.7% (10/5),7.560975609756097,0,ata gol,20,0.0,0.4,0.0,0,15.121951219512194,166.75,202.2719512195122,3.456242642762719
Memphis,Corinthians,FW,793,62,3.7,0.9,6,1,24,31,62.5,3,3,50.0% (3/3),13.414634146341465,4,ata mobilidade,248,18.5,3.6,60.0,3,26.82926829268293,125.0,484.92926829268293,23.42992463086705
Rodrigo Garro,Corinthians,"MF,FW",2995,169,6.0,7.4,9,10,64,246,37.5,12,28,30.0% (12/28),75.60975609756098,2,ata fin_criador,676,30.0,29.6,90.0,30,151.21951219512195,75.0,1081.819512195122,65.60854585659355
Wesley,Corinthians,FW,1438,124,1.8,2.4,2,1,79,45,12.5,1,9,10.0% (1/9),30.24390243902439,4,ata mobilidade,496,9.0,9.6,20.0,3,60.48780487804878,25.0,623.0878048780488,33.19275229183866
Yuri Alberto,Corinthians,FW,2197,172,10.7,1.9,12,4,52,31,41.62499999999999,32,64,33.3% (32/64),20.243902439024392,3,ata aerea,688,53.5,7.6,120.0,12,40.487804878048784,83.24999999999999,1004.8378048780487,60.16871448490291
Ángel Romero,Corinthians,FW,1449,141,5.2,2.8,5,4,33,53,56.875,25,30,45.5% (25/30),20.975609756097562,4,ata mobilidade,564,26.0,11.2,50.0,12,41.951219512195124,113.75,818.9012195121951,47.02970126385056
Allano,Criciúma,"FW,MF",1296,134,2.1,1.9,1,2,62,59,55.00000000000001,22,28,44.0% (22/28),29.51219512195122,4,ata mobilidade,536,10.5,7.6,10.0,6,59.02439024390244,110.00000000000001,739.1243902439024,41.392355539622656
Arthur,Criciúma,FW,1671,87,5.0,1.7,5,1,12,26,59.375,58,64,47.5% (58/64),9.268292682926829,1,ata criador sec,348,25.0,6.8,50.0,3,18.536585365853657,118.75,570.0865853658537,29.447476866174547
Barreto,Criciúma,MF,2281,35,3.1,0.9,2,2,18,92,86.25,29,13,69.0% (29/13),26.82926829268293,0,ata gol,140,15.5,3.6,20.0,6,53.65853658536586,172.5,411.25853658536585,18.224059867875653
Fellipe Mateus,Criciúma,"MF,FW",1887,108,1.9,0.9,3,0,17,60,61.625,33,34,49.3% (33/34),18.78048780487805,1,ata criador sec,432,9.5,3.6,30.0,0,37.5609756097561,123.25,635.9109756097561,34.09888816309929
Higor Meritão,Criciúma,MF,1040,13,1.3,0.1,2,0,10,52,56.875,5,6,45.5% (5/6),15.121951219512194,0,ata gol,52,6.5,0.4,20.0,0,30.24390243902439,113.75,222.89390243902437,4.913471133777193
Marquinhos Gabriel,Criciúma,MF,1003,55,0.5,1.8,0,0,22,46,34.75,5,13,27.8% (5/13),16.585365853658537,0,ata gol,220,2.5,7.2,0.0,0,33.170731707317074,69.5,332.3707317073171,12.649536117033286
Matheusinho,Criciúma,MF,1585,114,4.0,2.2,5,3,21,88,14.374999999999998,3,23,11.5% (3/23),26.585365853658537,4,ata mobilidade,456,20.0,8.8,50.0,9,53.170731707317074,28.749999999999996,625.7207317073171,33.37880529669379
Newton,Criciúma,MF,2299,58,1.6,1.0,1,1,35,80,57.375,28,33,45.9% (28/33),28.04878048780488,0,ata gol,232,8.0,4.0,10.0,3,56.09756097560976,114.75,427.8475609756098,19.3963058266734
Ronald,Criciúma,MF,1510,58,0.8,1.5,1,2,34,64,35.0,7,18,28.0% (7/18),23.902439024390244,0,ata gol,232,4.0,6.0,10.0,6,47.80487804878049,70.0,375.8048780487805,15.71876438054432
Yannick Bolasie,Criciúma,FW,2377,172,7.4,1.8,8,4,63,55,57.75,43,50,46.2% (43/50),28.780487804878046,3,ata aerea,688,37.0,7.2,80.0,12,57.56097560975609,115.5,997.2609756097561,59.633305814608825
Éder,Criciúma,FW,764,60,1.1,1.3,0,0,13,22,25.0,4,16,20.0% (4/16),8.536585365853659,0,ata gol,240,5.5,5.2,0.0,0,17.073170731707318,50.0,317.7731707317073,11.618014825641016
Arthur,Cruzeiro,FW,1273,130,1.6,0.8,2,1,48,35,29.75,5,16,23.8% (5/16),20.243902439024392,4,ata mobilidade,520,8.0,3.2,20.0,3,40.487804878048784,59.5,654.1878048780488,35.39040107822844
Gabriel Veron,Cruzeiro,"FW,MF",1611,100,4.1,1.5,6,2,24,34,45.0,9,16,36.0% (9/16),14.146341463414632,4,ata mobilidade,400,20.5,6.0,60.0,6,28.292682926829265,90.0,610.7926829268292,32.32393043220483
Kaio Jorge,Cruzeiro,FW,1163,56,5.3,1.4,2,2,20,18,36.625,17,41,29.3% (17/41),9.268292682926829,1,ata criador sec,224,26.5,5.6,20.0,6,18.536585365853657,73.25,373.88658536585365,15.583210245927775
Lautaro Díaz,Cruzeiro,FW,959,74,2.2,0.6,1,0,15,15,54.25,23,30,43.4% (23/30),7.317073170731707,0,ata gol,296,11.0,2.4,10.0,0,14.634146341463413,108.5,442.5341463414634,20.43411793295887
Lucas Romero,Cruzeiro,MF,2531,26,0.7,0.8,0,2,22,159,76.75,27,17,61.4% (27/17),44.146341463414636,0,ata gol,104,3.5,3.2,0.0,6,88.29268292682927,153.5,358.4926829268293,14.495416322682612
Lucas Silva,Cruzeiro,MF,1991,49,0.9,1.5,1,1,29,103,53.125,17,23,42.5% (17/23),32.19512195121951,0,ata gol,196,4.5,6.0,10.0,3,64.39024390243902,106.25,390.140243902439,16.73175792944291
Matheus Henrique,Cruzeiro,"MF,FW",1219,50,1.0,0.3,2,0,22,56,62.5,10,10,50.0% (10/10),19.024390243902438,0,ata gol,200,5.0,1.2,20.0,0,38.048780487804876,125.0,389.2487804878049,16.6687636049644
Matheus Pereira,Cruzeiro,"FW,MF",2823,175,5.3,5.7,8,7,89,224,36.12499999999999,11,27,28.9% (11/27),76.34146341463415,2,ata fin_criador,700,26.5,22.8,80.0,21,152.6829268292683,72.24999999999999,1075.2329268292683,65.14311173004305
Ramiro Benetti,Cruzeiro,MF,1436,43,1.1,0.7,2,0,9,57,51.24999999999999,16,23,41.0% (16/23),16.097560975609756,0,ata gol,172,5.5,2.8,20.0,0,32.19512195121951,102.49999999999999,334.9951219512195,12.834985893063042
Álvaro Barreal,Cruzeiro,"MF,FW",1488,113,2.4,1.6,2,4,29,69,33.375,4,11,26.7% (4/11),23.902439024390244,4,ata mobilidade,452,12.0,6.4,20.0,12,47.80487804878049,66.75,616.9548780487805,32.759375468579535
Clayson,Cuiabá,"FW,MF",2043,120,2.6,1.2,5,1,56,75,26.375000000000004,4,15,21.1% (4/15),31.951219512195124,4,ata mobilidade,480,13.0,4.8,50.0,3,63.90243902439025,52.75000000000001,667.4524390243903,36.32773249731564
Denilson,Cuiabá,MF,2016,43,1.1,2.2,0,3,26,96,51.125,9,13,40.9% (9/13),29.756097560975608,0,ata gol,172,5.5,8.8,0.0,9,59.512195121951216,102.25,357.0621951219512,14.394332406658958
Derik Lacerda,Cuiabá,"FW,MF",1420,79,3.3,2.1,4,0,36,24,67.125,36,31,53.7% (36/31),14.634146341463413,1,ata criador sec,316,16.5,8.4,40.0,0,29.268292682926827,134.25,544.4182926829268,27.633653963816613
Fernando Sobral,Cuiabá,MF,2001,61,1.3,2.5,0,2,28,115,66.875,23,20,53.5% (23/20),34.8780487804878,4,ata mobilidade,244,6.5,10.0,0.0,6,69.7560975609756,133.75,470.0060975609756,22.37539446856402
Filipe Augusto,Cuiabá,MF,844,6,0.3,0.1,0,0,5,32,69.5,10,8,55.6% (10/8),9.024390243902438,0,ata gol,24,1.5,0.4,0.0,0,18.048780487804876,139.0,182.94878048780487,2.0907911087518145
Isidro Pitta,Cuiabá,FW,2831,168,9.7,3.9,4,2,50,52,56.50000000000001,52,63,45.2% (52/63),24.878048780487806,3,ata aerea,672,48.5,15.6,40.0,6,49.75609756097561,113.00000000000001,944.8560975609756,55.93017023117453
Jonathan Cafu,Cuiabá,"FW,MF",1392,125,2.3,1.2,1,2,39,43,51.37500000000001,23,33,41.1% (23/33),20.0,4,ata mobilidade,500,11.5,4.8,10.0,6,40.0,102.75000000000001,675.05,36.864606151899906
Lucas Fernandes,Cuiabá,"MF,FW",1039,31,0.8,0.7,1,1,16,45,62.5,8,8,50.0% (8/8),14.878048780487804,0,ata gol,124,4.0,2.8,10.0,3,29.756097560975608,125.0,298.5560975609756,10.260060564174069
Lucas Mineiro,Cuiabá,MF,2338,12,0.6,0.2,0,0,18,85,72.75,39,28,58.2% (39/28),25.121951219512194,0,ata gol,48,3.0,0.8,0.0,0,50.24390243902439,145.5,247.54390243902438,6.655337454822469
Max,Cuiabá,MF,1217,50,1.1,1.5,1,0,20,58,57.99999999999999,13,15,46.4% (13/15),19.024390243902438,0,ata gol,200,5.5,6.0,10.0,0,38.048780487804876,115.99999999999999,375.54878048780483,15.700667515783048
Allan,Flamengo,MF,1412,10,0.3,0.5,0,0,16,75,75.0,18,12,60.0% (18/12),22.195121951219512,0,ata gol,40,1.5,2.0,0.0,0,44.390243902439025,150.0,237.890243902439,5.973171828869151
Bruno Henrique,Flamengo,"FW,MF",2070,167,6.4,1.9,5,1,70,62,63.25000000000001,43,42,50.6% (43/42),32.19512195121951,3,ata aerea,668,32.0,7.6,50.0,3,64.39024390243902,126.50000000000001,951.490243902439,56.39896520403784
Carlos Alcaraz,Flamengo,"MF,FW",751,42,3.3,0.6,0,1,26,39,62.5,7,7,50.0% (7/7),15.853658536585366,0,ata gol,168,16.5,2.4,0.0,3,31.70731707317073,125.0,346.60731707317075,13.655549446666818
Erick Pulgar,Flamengo,MF,1750,20,1.0,1.8,0,3,12,110,77.875,33,20,62.3% (33/20),29.756097560975608,0,ata gol,80,5.0,7.2,0.0,9,59.512195121951216,155.75,316.4621951219512,11.525376113172621
Evertton,Flamengo,MF,803,5,0.9,0.2,1,0,9,41,55.49999999999999,8,10,44.4% (8/10),12.195121951219512,0,ata gol,20,4.5,0.8,10.0,0,24.390243902439025,110.99999999999999,170.69024390243902,1.2245545155124593
Gabriel Barbosa,Flamengo,"FW,MF",754,42,5.2,0.9,2,1,17,24,31.25,2,6,25.0% (2/6),10.0,0,ata gol,168,26.0,3.6,20.0,3,20.0,62.5,303.1,10.581150650366851
Gerson,Flamengo,"MF,FW",2457,186,2.3,3.7,3,6,71,181,59.375,29,32,47.5% (29/32),61.46341463414634,2,ata fin_criador,744,11.5,14.8,30.0,18,122.92682926829268,118.75,1059.9768292682927,64.06505564355037
Giorgian De Arrascaeta,Flamengo,MF,1007,91,2.2,2.7,5,5,19,80,50.0,6,9,40.0% (6/9),24.146341463414632,4,ata mobilidade,364,11.0,10.8,50.0,15,48.292682926829265,100.0,599.0926829268293,31.497162239254344
Gonzalo Plata,Flamengo,"FW,MF",684,68,1.6,1.9,1,0,25,27,45.0,9,16,36.0% (9/16),12.682926829268293,0,ata gol,272,8.0,7.6,10.0,0,25.365853658536587,90.0,412.9658536585366,18.344705632950774
Lorran,Flamengo,"MF,FW",706,61,2.0,0.9,1,1,32,39,41.62499999999999,5,10,33.3% (5/10),17.317073170731707,0,ata gol,244,10.0,3.6,10.0,3,34.63414634146341,83.24999999999999,388.48414634146343,16.614731537320047
Luiz Araújo,Flamengo,"FW,MF",1566,126,3.1,4.6,4,5,54,74,27.125,5,18,21.7% (5/18),31.21951219512195,2,ata fin_criador,504,15.5,18.4,40.0,15,62.4390243902439,54.25,709.5890243902439,39.30526997936958
Matheus Gonçalves,Flamengo,"FW,MF",682,83,1.7,0.9,2,0,32,48,41.62499999999999,4,8,33.3% (4/8),19.51219512195122,0,ata gol,332,8.5,3.6,20.0,0,39.02439024390244,83.24999999999999,486.37439024390244,23.53204265344849
Michael,Flamengo,"FW,MF",653,104,3.6,1.5,4,1,25,19,55.49999999999999,4,5,44.4% (4/5),10.731707317073171,4,ata mobilidade,416,18.0,6.0,40.0,3,21.463414634146343,110.99999999999999,615.4634146341464,32.65398277523177
Nicolás De La Cruz,Flamengo,MF,1010,35,1.6,2.5,2,3,18,104,46.25,10,17,37.0% (10/17),29.756097560975608,4,ata mobilidade,140,8.0,10.0,20.0,9,59.512195121951216,92.5,339.0121951219512,13.118848143175498
Pedro,Flamengo,FW,1653,74,10.6,2.2,7,5,16,36,55.49999999999999,28,35,44.4% (28/35),12.682926829268293,3,ata aerea,296,53.0,8.8,70.0,15,25.365853658536587,110.99999999999999,579.1658536585365,30.089053809734732
Alexsander,Fluminense,MF,791,24,0.4,0.9,0,1,15,36,46.875,6,10,37.5% (6/10),12.439024390243903,0,ata gol,96,2.0,3.6,0.0,3,24.878048780487806,93.75,223.22804878048782,4.937083233513326
André,Fluminense,MF,1072,7,0.1,0.1,0,1,9,64,55.49999999999999,4,5,44.4% (4/5),17.804878048780488,0,ata gol,28,0.5,0.4,0.0,3,35.609756097560975,110.99999999999999,178.50975609756097,1.7771121195565047
Facundo Bernal,Fluminense,MF,943,9,0.4,0.1,0,0,3,51,81.75000000000001,17,9,65.4% (17/9),13.170731707317074,0,ata gol,36,2.0,0.4,0.0,0,26.34146341463415,163.50000000000003,228.24146341463418,5.291350905101766
Ganso,Fluminense,MF,2247,84,2.6,4.0,3,7,16,172,41.62499999999999,10,20,33.3% (10/20),45.85365853658537,2,ata fin_criador,336,13.0,16.0,30.0,21,91.70731707317074,83.24999999999999,590.9573170731708,30.922285168671404
Germán Cano,Fluminense,FW,1611,41,5.7,1.6,4,0,4,20,33.125,9,25,26.5% (9/25),5.853658536585367,1,ata criador sec,164,28.5,6.4,40.0,0,11.707317073170733,66.25,316.85731707317075,11.553296990232866
Jhon Arias,Fluminense,FW,2376,215,6.7,3.4,7,3,94,92,41.62499999999999,16,32,33.3% (16/32),45.36585365853659,2,ata fin_criador,860,33.5,13.6,70.0,9,90.73170731707317,83.24999999999999,1160.081707317073,71.13886155209053
John Kennedy,Fluminense,"FW,MF",674,71,1.3,0.1,0,0,12,10,41.62499999999999,11,22,33.3% (11/22),5.365853658536586,0,ata gol,284,6.5,0.4,0.0,0,10.731707317073171,83.24999999999999,384.88170731707316,16.360168973011543
Kauã Elias,Fluminense,FW,1465,109,5.0,2.7,6,2,28,33,25.5,20,78,20.4% (20/78),14.878048780487804,1,ata criador sec,436,25.0,10.8,60.0,6,29.756097560975608,51.0,618.5560975609756,32.8725239611107
Keno,Fluminense,"FW,MF",1397,164,2.7,1.1,1,1,62,41,58.875,8,9,47.1% (8/9),25.121951219512194,4,ata mobilidade,656,13.5,4.4,10.0,3,50.24390243902439,117.75,854.8939024390244,49.573086342727045
Kevin Serna,Fluminense,FW,872,90,2.6,1.2,3,2,40,12,35.75000000000001,6,15,28.6% (6/15),12.682926829268293,4,ata mobilidade,360,13.0,4.8,30.0,6,25.365853658536587,71.50000000000001,510.6658536585366,25.24857336382799
Lima,Fluminense,"MF,FW",1847,73,2.8,0.8,4,1,31,63,32.0,10,29,25.6% (10/29),22.926829268292686,4,ata mobilidade,292,14.0,3.2,40.0,3,45.85365853658537,64.0,462.0536585365854,21.813443729953416
Breno,Fortaleza,"FW,MF",1897,163,4.5,1.3,5,3,81,43,45.87500000000001,11,19,36.7% (11/19),30.24390243902439,4,ata mobilidade,652,22.5,5.2,50.0,9,60.48780487804878,91.75000000000001,890.9378048780488,52.120090794555786
Hércules,Fortaleza,MF,2317,70,1.5,1.5,4,1,32,96,37.5,9,21,30.0% (9/21),31.21951219512195,4,ata mobilidade,280,7.5,6.0,40.0,3,62.4390243902439,75.0,473.9390243902439,22.65331060596921
José Welison,Fortaleza,MF,883,8,0.1,0.7,0,1,7,42,50.875,11,16,40.7% (11/16),11.951219512195122,0,ata gol,32,0.5,2.8,0.0,3,23.902439024390244,101.75,163.95243902439023,0.7484346211981485
Juan Martín Lucero,Fortaleza,FW,2246,93,6.3,2.2,6,3,13,27,27.999999999999996,17,59,22.4% (17/59),9.75609756097561,1,ata criador sec,372,31.5,8.8,60.0,9,19.51219512195122,55.99999999999999,556.8121951219512,28.50945604271549
Leandro Emmanuel Martínez,Fortaleza,"MF,FW",1011,33,1.0,1.9,1,4,15,51,50.0,6,9,40.0% (6/9),16.097560975609756,0,ata gol,132,5.0,7.6,10.0,12,32.19512195121951,100.0,298.7951219512195,10.276950971284586
Lucas Sasha,Fortaleza,MF,1220,24,0.6,1.6,0,0,7,40,52.625,8,11,42.1% (8/11),11.463414634146343,0,ata gol,96,3.0,6.4,0.0,0,22.926829268292686,105.25,233.57682926829267,5.668368920961512
Marinho,Fortaleza,FW,1348,89,2.2,1.8,4,3,55,54,43.49999999999999,8,15,34.8% (8/15),26.585365853658537,4,ata mobilidade,356,11.0,7.2,40.0,9,53.170731707317074,86.99999999999999,563.3707317073171,28.97290813169692
Matheus Rossetto,Fortaleza,MF,1548,15,0.1,0.2,0,0,26,94,56.25,9,11,45.0% (9/11),29.268292682926827,0,ata gol,60,0.5,0.8,0.0,0,58.536585365853654,112.5,232.33658536585364,5.580728390189084
Moises,Fortaleza,"FW,MF",1171,79,5.8,2.7,7,2,50,25,67.125,22,19,53.7% (22/19),18.29268292682927,4,ata mobilidade,316,29.0,10.8,70.0,6,36.58536585365854,134.25,602.6353658536585,31.747502201785217
Pedro Borges,Fortaleza,MF,1168,9,0.1,0.2,0,1,2,51,70.5,22,17,56.4% (22/17),12.926829268292684,0,ata gol,36,0.5,0.8,0.0,3,25.853658536585368,141.0,207.15365853658537,3.801203355331077
Renato Kayser,Fortaleza,FW,1112,40,6.2,1.2,4,1,20,23,34.75,27,70,27.8% (27/70),10.487804878048781,1,ata criador sec,160,31.0,4.8,40.0,3,20.975609756097562,69.5,329.27560975609754,12.43082258006139
Tomas Pochettino,Fortaleza,"MF,FW",1648,117,3.2,4.7,5,6,57,89,46.0,14,24,36.8% (14/24),35.609756097560975,2,ata fin_criador,468,16.0,18.8,50.0,18,71.21951219512195,92.0,734.0195121951219,41.03162470204805
Yago Pikachu,Fortaleza,"FW,MF",1633,117,3.6,1.9,2,4,25,60,25.0,4,16,20.0% (4/16),20.73170731707317,4,ata mobilidade,468,18.0,7.6,20.0,12,41.46341463414634,50.0,617.0634146341463,32.76704509221645
Alexander Aravena,Grêmio,"FW,MF",770,65,2.2,1.1,2,2,22,15,68.75,11,9,55.0% (11/9),9.024390243902438,0,ata gol,260,11.0,4.4,20.0,6,18.048780487804876,137.5,456.94878048780487,21.45271289237881
Cristian Pavón,Grêmio,"FW,MF",1087,93,2.5,2.3,1,3,29,43,53.625,18,24,42.9% (18/24),17.560975609756095,4,ata mobilidade,372,12.5,9.2,10.0,9,35.12195121951219,107.25,555.0719512195121,28.386483537885354
Dodi,Grêmio,MF,2400,15,0.9,1.1,0,2,24,79,53.625,15,20,42.9% (15/20),25.121951219512194,0,ata gol,60,4.5,4.4,0.0,6,50.24390243902439,107.25,232.39390243902437,5.584778640873749
Edenílson,Grêmio,"MF,FW",1333,61,2.2,0.9,1,1,21,50,54.87499999999999,18,23,43.9% (18/23),17.317073170731707,0,ata gol,244,11.0,3.6,10.0,3,34.63414634146341,109.74999999999999,415.98414634146343,18.557990110494288
Franco Cristaldo,Grêmio,"MF,FW",2136,128,5.2,5.5,5,2,31,157,42.25,24,47,33.8% (24/47),45.85365853658537,2,ata fin_criador,512,26.0,22.0,50.0,6,91.70731707317074,84.5,792.2073170731708,45.14340472690108
Gustavo Nunes,Grêmio,"FW,MF",1238,99,1.9,1.3,3,1,52,48,35.75000000000001,4,10,28.6% (4/10),24.390243902439025,4,ata mobilidade,396,9.5,5.2,30.0,3,48.78048780487805,71.50000000000001,563.9804878048781,29.015995904938034
João Pedro Pepê,Grêmio,MF,1283,28,0.6,0.4,1,0,21,81,70.0,14,11,56.0% (14/11),24.878048780487806,0,ata gol,112,3.0,1.6,10.0,0,49.75609756097561,140.0,316.3560975609756,11.517878840628669
Martin Braithwaite,Grêmio,FW,1462,78,5.6,1.4,8,2,19,31,67.0,37,32,53.6% (37/32),12.195121951219512,1,ata criador sec,312,28.0,5.6,80.0,6,24.390243902439025,134.0,589.990243902439,30.853947960310997
Mathías Villasanti,Grêmio,MF,2339,51,2.1,1.6,3,1,17,120,53.625,15,20,42.9% (15/20),33.41463414634146,4,ata mobilidade,204,10.5,6.4,30.0,3,66.82926829268293,107.25,427.97926829268295,19.40561278569348
Miguel Monsalve,Grêmio,"FW,MF",978,41,2.6,1.0,3,1,35,44,8.875,1,13,7.1% (1/13),19.26829268292683,0,ata gol,164,13.0,4.0,30.0,3,38.53658536585366,17.75,270.2865853658537,8.262425221169542
Yeferson Soteldo,Grêmio,"FW,MF",1673,138,2.9,4.6,5,2,120,79,0.0,0,10,0.0% (0/10),48.536585365853654,2,ata fin_criador,552,14.5,18.4,50.0,6,97.07317073170731,0.0,737.9731707317073,41.311005823743436
Alan Patrick,Internacional,"MF,FW",1777,104,7.0,8.2,4,3,36,127,19.5,5,27,15.6% (5/27),39.75609756097561,2,ata fin_criador,416,35.0,32.8,40.0,9,79.51219512195122,39.0,651.3121951219512,35.187199139623345
Bruno Henrique,Internacional,"MF,FW",1908,60,3.8,2.5,3,1,22,133,66.625,24,21,53.3% (24/21),37.80487804878049,4,ata mobilidade,240,19.0,10.0,30.0,3,75.60975609756098,133.25,510.859756097561,25.262275275718665
Bruno Tabata,Internacional,"FW,MF",1071,85,2.4,2.6,2,3,39,62,43.25,9,17,34.6% (9/17),24.634146341463413,4,ata mobilidade,340,12.0,10.4,20.0,9,49.26829268292683,86.5,527.1682926829268,26.414700858825498
Enner Valencia,Internacional,FW,961,70,4.2,0.5,3,1,26,11,36.25,20,49,29.0% (20/49),9.024390243902438,1,ata criador sec,280,21.0,2.0,30.0,3,18.048780487804876,72.5,426.5487804878049,19.30452886966983
Gabriel Carvalho,Internacional,"FW,MF",1301,168,3.2,4.0,1,3,50,61,32.125,9,26,25.7% (9/26),27.073170731707318,4,ata mobilidade,672,16.0,16.0,10.0,9,54.146341463414636,64.25,841.3963414634146,48.61929539426175
Gustavo Prado,Internacional,"FW,MF",664,66,1.3,1.6,1,0,21,29,39.125,5,11,31.3% (5/11),12.195121951219512,0,ata gol,264,6.5,6.4,10.0,0,24.390243902439025,78.25,389.540243902439,16.689359560573653
Lucas Alario,Internacional,"FW,MF",638,22,1.9,0.1,0,0,0,7,34.125,15,40,27.3% (15/40),1.707317073170732,0,ata gol,88,9.5,0.4,0.0,0,3.414634146341464,68.25,169.56463414634146,1.1450144861093627
Rafael Borré,Internacional,FW,1870,129,12.9,1.0,9,3,20,42,55.75,50,62,44.6% (50/62),15.121951219512194,3,ata aerea,516,64.5,4.0,90.0,9,30.24390243902439,111.5,825.2439024390244,47.47790028110464
Romulo,Internacional,MF,1794,14,0.4,0.1,0,0,13,73,74.25,41,28,59.4% (41/28),20.975609756097562,0,ata gol,56,2.0,0.4,0.0,0,41.951219512195124,148.5,248.85121951219512,6.747717640651417
Thiago Maia,Internacional,MF,1896,51,2.3,2.5,2,4,22,104,68.875,38,31,55.1% (38/31),30.73170731707317,4,ata mobilidade,204,11.5,10.0,20.0,12,61.46341463414634,137.75,456.7134146341464,21.43608101190774
Wanderson,Internacional,"FW,MF",1015,73,2.4,2.5,2,2,29,33,13.874999999999998,1,8,11.1% (1/8),15.121951219512194,4,ata mobilidade,292,12.0,10.0,20.0,6,30.24390243902439,27.749999999999996,397.9939024390244,17.28672844878846
Wesley,Internacional,"FW,MF",2515,254,6.5,3.5,11,1,101,108,64.5,49,46,51.6% (49/46),50.97560975609756,3,ata aerea,1016,32.5,14.0,110.0,3,101.95121951219512,129.0,1406.4512195121952,88.54830397906969
Caíque de Jesus Gonçalves,Juventude,MF,1422,7,0.1,0.3,0,0,13,59,64.875,14,13,51.9% (14/13),17.560975609756095,0,ata gol,28,0.5,1.2,0.0,0,35.12195121951219,129.75,194.5719512195122,2.91213024227393
Edson Carioca,Juventude,FW,740,59,1.8,0.3,3,2,19,23,19.25,4,22,15.4% (4/22),10.24390243902439,0,ata gol,236,9.0,1.2,30.0,6,20.48780487804878,38.5,341.1878048780488,13.272585318099795
Erick,Juventude,FW,2112,121,5.0,2.6,5,3,31,35,52.87499999999999,22,30,42.3% (22/30),16.097560975609756,4,ata mobilidade,484,25.0,10.4,50.0,9,32.19512195121951,105.74999999999999,716.3451219512195,39.78268250688112
Gabriel Taliari,Juventude,FW,914,48,3.3,1.6,2,2,9,12,46.875,12,20,37.5% (12/20),5.121951219512195,0,ata gol,192,16.5,6.4,20.0,6,10.24390243902439,93.75,344.8939024390244,13.534472803859284
Gilberto,Juventude,FW,1110,52,3.7,1.5,3,1,16,14,56.125,31,38,44.9% (31/38),7.317073170731707,1,ata criador sec,208,18.5,6.0,30.0,3,14.634146341463413,112.25,392.3841463414634,16.89032093497021
Jadson,Juventude,MF,2843,82,1.7,3.7,1,5,21,182,38.25,11,25,30.6% (11/25),49.51219512195122,2,ata fin_criador,328,8.5,14.8,10.0,15,99.02439024390245,76.5,551.8243902439025,28.15699805760319
Jean Carlos Vicente,Juventude,"MF,FW",1031,38,1.7,2.7,4,2,26,52,54.75,7,9,43.8% (7/9),19.024390243902438,4,ata mobilidade,152,8.5,10.8,40.0,6,38.048780487804876,109.5,364.8487804878049,14.944563270947986
Lucas Barbosa,Juventude,FW,2443,165,6.4,3.4,7,2,61,103,60.5,60,64,48.4% (60/64),40.0,3,ata aerea,660,32.0,13.6,70.0,6,80.0,121.0,982.6,58.59730339479948
Luis Mandaca,Juventude,MF,1101,59,4.9,1.6,4,2,24,41,59.62500000000001,21,23,47.7% (21/23),15.853658536585366,4,ata mobilidade,236,24.5,6.4,40.0,6,31.70731707317073,119.25000000000001,463.85731707317075,21.94089736320063
Luis Oyama,Juventude,MF,684,15,0.6,0.7,2,1,8,28,23.5,3,13,18.8% (3/13),8.780487804878048,0,ata gol,60,3.0,2.8,20.0,3,17.560975609756095,47.0,153.3609756097561,0.0
Marcelinho,Juventude,"FW,MF",1002,66,2.3,0.5,2,3,19,29,52.125,10,14,41.7% (10/14),11.707317073170733,0,ata gol,264,11.5,2.0,20.0,9,23.414634146341466,104.25,434.1646341463415,19.84269515745134
Nenê,Juventude,"MF,FW",1506,92,1.7,4.3,3,4,23,73,34.125,6,16,27.3% (6/16),23.414634146341466,4,ata mobilidade,368,8.5,17.2,30.0,12,46.82926829268293,68.25,550.7792682926829,28.083145614267913
Ronaldo,Juventude,MF,1135,7,1.0,1.2,2,2,11,47,73.375,27,19,58.7% (27/19),14.146341463414632,0,ata gol,28,5.0,4.8,20.0,6,28.292682926829265,146.75,238.84268292682927,6.040474930671773
Ronie Carrillo,Juventude,FW,678,29,1.0,0.3,1,0,6,10,39.625,20,43,31.7% (20/43),3.902439024390244,0,ata gol,116,5.0,1.2,10.0,0,7.804878048780488,79.25,219.25487804878048,4.656323303074226
Aníbal Moreno,Palmeiras,MF,2517,27,0.9,1.1,1,1,25,167,54.37499999999999,20,26,43.5% (20/26),46.82926829268293,0,ata gol,108,4.5,4.4,10.0,3,93.65853658536587,108.74999999999999,332.30853658536586,12.645141164162693
Estêvão Willian,Palmeiras,FW,2097,291,10.5,7.1,10,9,145,92,40.5,11,23,32.4% (11/23),57.80487804878048,2,ata fin_criador,1164,52.5,28.4,100.0,27,115.60975609756096,81.0,1568.509756097561,100.0
Felipe Anderson,Palmeiras,FW,1310,122,2.8,4.3,2,2,46,57,56.25,9,11,45.0% (9/11),25.121951219512194,4,ata mobilidade,488,14.0,17.2,20.0,6,50.24390243902439,112.5,707.9439024390244,39.18901916716506
Gabriel Menino,Palmeiras,"MF,FW",1067,70,2.1,1.4,1,0,25,73,65.0,13,12,52.0% (13/12),23.902439024390244,0,ata gol,280,10.5,5.6,10.0,0,47.80487804878049,130.0,483.90487804878046,23.357537171821974
José López,Palmeiras,FW,2140,111,9.4,3.0,10,2,32,41,60.62499999999999,80,85,48.5% (80/85),17.804878048780488,3,ata aerea,444,47.0,12.0,100.0,6,35.609756097560975,121.24999999999999,765.859756097561,43.28158204515255
Lázaro,Palmeiras,"FW,MF",773,72,2.7,0.5,2,0,28,41,43.49999999999999,8,15,34.8% (8/15),16.82926829268293,0,ata gol,288,13.5,2.0,20.0,0,33.65853658536586,86.99999999999999,444.1585365853658,20.5489037608732
Mauricio,Palmeiras,MF,1132,97,3.5,1.1,3,0,13,47,52.37499999999999,13,18,41.9% (13/18),14.634146341463413,4,ata mobilidade,388,17.5,4.4,30.0,0,29.268292682926827,104.74999999999999,573.9182926829268,29.718240433221705
Raphael Veiga,Palmeiras,MF,2478,124,10.8,7.1,8,3,57,168,50.0,16,24,40.0% (16/24),54.87804878048781,2,ata fin_criador,496,54.0,28.4,80.0,9,109.75609756097562,100.0,877.1560975609756,51.14622094376011
Richard Ríos,Palmeiras,MF,1742,51,1.2,1.4,3,4,27,103,70.5,22,17,56.4% (22/17),31.70731707317073,4,ata mobilidade,204,6.0,5.6,30.0,12,63.41463414634146,141.0,462.01463414634145,21.810686112465984
Rony,Palmeiras,FW,1721,125,8.3,2.7,4,2,22,20,30.25,23,72,24.2% (23/72),10.24390243902439,3,ata aerea,500,41.5,10.8,40.0,6,20.48780487804878,60.5,679.2878048780487,37.164066175925655
Zé Rafael,Palmeiras,MF,951,20,0.6,1.8,0,2,10,49,43.25,9,17,34.6% (9/17),14.390243902439023,0,ata gol,80,3.0,7.2,0.0,6,28.780487804878046,86.5,211.48048780487804,4.106954194250021
Eduardo Sasha,Red Bull Bragantino,FW,2079,111,5.4,2.6,7,4,25,58,50.5,67,99,40.4% (67/99),20.243902439024392,3,ata aerea,444,27.0,10.4,70.0,12,40.487804878048784,101.0,704.8878048780488,38.97306324768059
Eric Ramires,Red Bull Bragantino,MF,1106,33,2.0,0.3,2,2,9,38,36.75,5,12,29.4% (5/12),11.463414634146343,0,ata gol,132,10.0,1.2,20.0,6,22.926829268292686,73.5,265.6268292682927,7.9331484580609475
Gustavinho,Red Bull Bragantino,"MF,FW",954,33,0.9,1.5,1,3,9,45,33.5,11,30,26.8% (11/30),13.170731707317074,0,ata gol,132,4.5,6.0,10.0,9,26.34146341463415,67.0,254.84146341463415,7.171011924972122
Helinho,Red Bull Bragantino,"FW,MF",1102,74,3.4,2.1,7,2,35,43,38.5,8,18,30.8% (8/18),19.024390243902438,4,ata mobilidade,296,17.0,8.4,70.0,6,38.048780487804876,77.0,512.4487804878049,25.374562012785006
Henry Mosquera,Red Bull Bragantino,"FW,MF",1934,154,4.3,2.1,1,2,97,38,37.5,15,35,30.0% (15/35),32.926829268292686,4,ata mobilidade,616,21.5,8.4,10.0,6,65.85365853658537,75.0,802.7536585365854,45.88865085287939
Jhonatan Jowjow,Red Bull Bragantino,"MF,FW",1157,76,2.2,2.6,3,3,46,56,35.75000000000001,8,20,28.6% (8/20),24.878048780487806,4,ata mobilidade,304,11.0,10.4,30.0,9,49.75609756097561,71.50000000000001,485.65609756097564,23.48128525657046
Lincoln,Red Bull Bragantino,"MF,FW",1552,88,2.5,3.0,2,2,29,96,45.49999999999999,8,14,36.4% (8/14),30.48780487804878,4,ata mobilidade,352,12.5,12.0,20.0,6,60.97560975609756,90.99999999999999,554.4756097560976,28.34434369565555
Lucas Evangelista,Red Bull Bragantino,MF,2540,69,2.6,2.0,2,3,26,131,45.12500000000001,35,62,36.1% (35/62),38.29268292682927,1,ata criador sec,276,13.0,8.0,20.0,9,76.58536585365854,90.25000000000001,492.8353658536586,23.988600698711334
Matheus Fernandes,Red Bull Bragantino,MF,846,14,0.6,0.6,1,1,7,38,86.0,11,5,68.8% (11/5),10.975609756097562,0,ata gol,56,3.0,2.4,10.0,3,21.951219512195124,172.0,268.35121951219514,8.125664628902246
Raul,Red Bull Bragantino,MF,1305,10,0.3,1.1,1,1,9,68,51.125,9,13,40.9% (9/13),18.78048780487805,0,ata gol,40,1.5,4.4,10.0,3,37.5609756097561,102.25,198.7109756097561,3.2046100470346133
Thiago Borbas,Red Bull Bragantino,FW,956,40,2.0,0.3,2,0,2,12,35.5,31,78,28.4% (31/78),3.414634146341464,1,ata criador sec,160,10.0,1.2,20.0,0,6.829268292682928,71.0,269.0292682926829,8.17357823274636
Vinicius Mendonça,Red Bull Bragantino,FW,718,68,1.7,0.9,2,0,32,22,32.62500000000001,6,17,26.1% (6/17),13.170731707317074,0,ata gol,272,8.5,3.6,20.0,0,26.34146341463415,65.25000000000001,395.6914634146342,17.124029017030015
Vitinho,Red Bull Bragantino,"FW,MF",1915,168,3.8,2.7,3,3,72,51,41.125,24,49,32.9% (24/49),30.0,4,ata mobilidade,672,19.0,10.8,30.0,9,60.0,82.25,883.05,51.56270735990872
Alisson,São Paulo,MF,1609,28,0.6,0.6,1,2,21,114,62.5,7,7,50.0% (7/7),32.926829268292686,0,ata gol,112,3.0,2.4,10.0,6,65.85365853658537,125.0,324.25365853658536,12.075951679647577
André Silva,São Paulo,FW,1535,107,3.9,0.8,7,2,20,32,45.625,27,47,36.5% (27/47),12.682926829268293,1,ata criador sec,428,19.5,3.2,70.0,6,25.365853658536587,91.25,643.3158536585365,34.62214608133937
Damián Bobadilla,São Paulo,MF,1031,14,0.9,0.8,1,0,7,60,25.0,1,4,20.0% (1/4),16.34146341463415,0,ata gol,56,4.5,3.2,10.0,0,32.6829268292683,50.0,156.38292682926829,0.21354300418295966
Erick,São Paulo,"FW,MF",646,89,0.6,2.2,1,2,33,42,46.875,3,5,37.5% (3/5),18.29268292682927,4,ata mobilidade,356,3.0,8.8,10.0,6,36.58536585365854,93.75,514.1353658536585,25.49374279356993
Ferreira,São Paulo,"FW,MF",1230,152,2.9,1.8,5,1,76,57,37.5,3,7,30.0% (3/7),32.4390243902439,4,ata mobilidade,608,14.5,7.2,50.0,3,64.8780487804878,75.0,822.5780487804878,47.28952053649449
Jonathan Calleri,São Paulo,FW,2047,112,5.6,1.3,5,4,24,28,65.75,61,55,52.6% (61/55),12.682926829268293,3,ata aerea,448,28.0,5.2,50.0,12,25.365853658536587,131.5,700.0658536585365,38.632325136889854
Lucas Moura,São Paulo,"FW,MF",2246,173,5.2,3.2,8,6,87,131,67.875,38,32,54.3% (38/32),53.170731707317074,2,ata fin_criador,692,26.0,12.8,80.0,18,106.34146341463415,135.75,1070.891463414634,64.8363267845663
Luciano,São Paulo,"MF,FW",2302,126,7.1,2.4,10,2,24,92,48.25000000000001,17,27,38.6% (17/27),28.292682926829265,3,ata aerea,504,35.5,9.6,100.0,6,56.58536585365853,96.50000000000001,808.1853658536586,46.27247673691123
Luiz Gustavo,São Paulo,MF,2142,20,1.3,0.7,2,1,32,132,64.875,14,13,51.9% (14/13),40.0,0,ata gol,80,6.5,2.8,20.0,3,80.0,129.75,322.05,11.920232467154191
Marcos Antônio,São Paulo,MF,844,13,0.1,0.3,0,0,10,50,62.5,8,8,50.0% (8/8),14.634146341463413,0,ata gol,52,0.5,1.2,0.0,0,29.268292682926827,125.0,207.96829268292683,3.8587686203812055
Rodrigo Nestor,São Paulo,"MF,FW",984,59,1.1,1.4,0,2,29,50,100.0,4,1,80.0% (4/1),19.26829268292683,0,ata gol,236,5.5,5.6,0.0,6,38.53658536585366,200.0,491.63658536585365,23.9038901365193
Wellington Rato,São Paulo,"FW,MF",1052,90,2.2,3.5,1,5,24,47,67.25,7,6,53.8% (7/6),17.317073170731707,4,ata mobilidade,360,11.0,14.0,10.0,15,34.63414634146341,134.5,579.1341463414634,30.0868132455262
Adson,Vasco da Gama,FW,1224,80,1.5,2.6,2,1,42,72,53.625,9,12,42.9% (9/12),27.80487804878049,4,ata mobilidade,320,7.5,10.4,20.0,3,55.60975609756098,107.25,523.759756097561,26.17384020640767
David,Vasco da Gama,FW,1588,127,1.8,1.9,4,3,41,48,66.125,18,16,52.9% (18/16),21.70731707317073,4,ata mobilidade,508,9.0,7.6,40.0,9,43.41463414634146,132.25,749.2646341463415,42.10890520862238
Dimitri Payet,Vasco da Gama,"MF,FW",1220,79,1.8,2.6,2,3,24,100,62.5,4,4,50.0% (4/4),30.24390243902439,4,ata mobilidade,316,9.0,10.4,20.0,9,60.48780487804878,125.0,549.8878048780488,28.020151289789407
Emerson Rodríguez,Vasco da Gama,FW,795,90,1.4,0.5,2,0,30,12,39.5,6,13,31.6% (6/13),10.24390243902439,0,ata gol,360,7.0,2.0,20.0,0,20.48780487804878,79.0,488.4878048780488,23.68138487550219
Hugo Moura,Vasco da Gama,MF,2114,27,1.9,0.9,1,4,22,114,72.125,15,11,57.7% (15/11),33.170731707317074,0,ata gol,108,9.5,3.6,10.0,12,66.34146341463415,144.25,353.69146341463414,14.156143196182077
Juan Sforza,Vasco da Gama,MF,1250,10,0.7,0.1,1,0,7,66,81.125,24,13,64.9% (24/13),17.804878048780488,0,ata gol,40,3.5,0.4,10.0,0,35.609756097560975,162.25,251.75975609756097,6.953246319011532
Mateus Cocão,Vasco da Gama,MF,2156,38,0.7,1.0,2,2,20,114,75.0,24,16,60.0% (24/16),32.6829268292683,0,ata gol,152,3.5,4.0,20.0,6,65.3658536585366,150.0,400.8658536585366,17.489671860754104
Pablo Galdames Millán,Vasco da Gama,MF,1154,25,0.3,0.7,0,2,8,71,46.875,3,5,37.5% (3/5),19.26829268292683,0,ata gol,100,1.5,2.8,0.0,6,38.53658536585366,93.75,242.58658536585367,6.305033858372212
Pablo Vegetti,Vasco da Gama,FW,2986,131,12.4,2.8,12,2,10,37,56.62499999999999,139,168,45.3% (139/168),11.463414634146343,3,ata aerea,524,62.0,11.2,120.0,6,22.926829268292686,113.24999999999999,859.3768292682927,49.889867651595715
Philippe Coutinho,Vasco da Gama,MF,667,29,2.3,1.0,2,1,28,60,46.875,6,10,37.5% (6/10),21.463414634146343,0,ata gol,116,11.5,4.0,20.0,3,42.926829268292686,93.75,291.1768292682927,9.738612332410106
Rayan Vitor,Vasco da Gama,"FW,MF",855,51,1.9,1.4,1,0,16,15,62.5,25,25,50.0% (25/25),7.560975609756097,0,ata gol,204,9.5,5.6,10.0,0,15.121951219512194,125.0,369.2219512195122,15.253588780633255
Alerrandro,Vitória,FW,2387,87,11.0,2.8,11,4,16,55,35.625,37,93,28.5% (37/93),17.317073170731707,3,ata aerea,348,55.0,11.2,110.0,12,34.63414634146341,71.25,642.0841463414635,34.53510877939233
Carlos Eduardo,Vitória,"FW,MF",871,57,1.5,1.2,0,2,19,22,57.875,19,22,46.3% (19/22),10.0,0,ata gol,228,7.5,4.8,0.0,6,20.0,115.75,382.05,16.16006935407981
Gustavo Mosquito,Vitória,"FW,MF",797,48,2.1,2.0,0,2,23,22,25.0,2,8,20.0% (2/8),10.975609756097562,0,ata gol,192,10.5,8.0,0.0,6,21.951219512195124,50.0,288.4512195121951,9.546009986022327
Janderson,Vitória,"FW,MF",1396,87,2.1,1.6,3,1,39,23,51.5,42,60,41.2% (42/60),15.121951219512194,1,ata criador sec,348,10.5,6.4,30.0,3,30.24390243902439,103.0,531.1439024390244,26.69563314035756
José Hugo,Vitória,"MF,FW",632,75,1.5,0.9,1,2,34,17,44.625,10,18,35.7% (10/18),12.439024390243903,0,ata gol,300,7.5,3.6,10.0,6,24.878048780487806,89.25,441.2280487804878,20.341823922676408
Luan Silva,Vitória,MF,1585,3,0.4,0.2,0,0,6,41,80.375,18,10,64.3% (18/10),11.463414634146343,0,ata gol,12,2.0,0.8,0.0,0,22.926829268292686,160.75,198.4768292682927,3.1880643421100268
Léo Naldi,Vitória,MF,1103,18,0.5,0.2,0,0,13,45,68.5,17,14,54.8% (17/14),14.146341463414632,0,ata gol,72,2.5,0.8,0.0,0,28.292682926829265,137.0,240.59268292682927,6.16413683987377
Machado,Vitória,MF,822,9,0.3,0.5,0,0,3,39,52.125,5,7,41.7% (5/7),10.24390243902439,0,ata gol,36,1.5,2.0,0.0,0,20.48780487804878,104.25,164.2378048780488,0.7685996990749917
Matheusinho,Vitória,"MF,FW",2469,114,3.5,3.4,5,5,55,98,35.75000000000001,14,35,28.6% (14/35),37.31707317073171,2,ata fin_criador,456,17.5,13.6,50.0,15,74.63414634146342,71.50000000000001,698.2341463414634,38.502889466073555
Osvaldo,Vitória,"MF,FW",1072,91,2.4,1.6,1,0,29,37,41.62499999999999,3,6,33.3% (3/6),16.097560975609756,0,ata gol,364,12.0,6.4,10.0,0,32.19512195121951,83.24999999999999,507.8451219512195,25.049249324814593
Ricardo,Vitória,MF,1043,12,0.2,0.5,0,1,5,54,50.75000000000001,13,19,40.6% (13/19),14.390243902439023,0,ata gol,48,1.0,2.0,0.0,3,28.780487804878046,101.50000000000001,184.28048780487808,2.1848948055104107
Willian,Vitória,MF,2649,46,4.1,1.2,5,1,11,102,62.5,43,43,50.0% (43/43),27.5609756097561,1,ata criador sec,184,20.5,4.8,50.0,3,55.1219512195122,125.0,442.4219512195122,20.426189782682506
