jogador,time,posicao,Minutos,Prgc,PrgP,Aerial Duel%,Aerial Duel Won,Aerial Duel Lost,Fouls,Yellow Card,Red Card,2 Yellow Card,Desarmes Certos,Desarmes Totais,Desarmes%,Interceptacao,Erros,Aerial Duels ,Cluster,Perfil,Prgc_Pontuacao,PrgP_Pontuacao,Aerial Duel Won_Pontuacao,Fouls_Pontuacao,Yellow Card_Pontuacao,Red Card_Pontuacao,Desarmes Certos_Pontuacao,Interceptacao_Pontuacao,Erros_Pontuacao,Pontuacao_Total,Pontuacao
Fernando,Ath Paranaense,DF,724,14,36,60.0,15,10,13,4,0,0,6,14,42.9,18,0,60.0% (15/10),0,zagueiros defensivos,28,72,150,-39,-20,0,60,90,0,341,9.445037353255069
Kaique Rocha,Ath Paranaense,DF,2486,11,84,76.3,74,23,19,3,0,0,26,40,65.0,37,2,76.3% (74/23),3,zagueiros modernos,22,168,740,-57,-15,0,260,185,-4,1299,60.56563500533618
Leonardo Godoy,Ath Paranaense,DF,1639,16,61,39.4,13,20,32,5,0,0,8,18,44.4,11,0,39.4% (13/20),1,zagueiros fisicos,32,122,130,-96,-25,0,80,55,0,298,7.150480256136606
Lucas Belezi,Ath Paranaense,DF,793,3,15,68.8,22,10,6,2,0,0,7,10,70.0,13,0,68.8% (22/10),0,zagueiros defensivos,6,30,220,-18,-10,0,70,65,0,363,10.618996798292422
Lucas Esquivel,Ath Paranaense,DF,2720,57,178,69.8,37,16,32,5,1,1,33,67,49.3,35,0,69.8% (37/16),4,zagueiros completos,114,356,370,-96,-25,-10,330,175,0,1214,56.029882604055494
Mateo Gamarra,Ath Paranaense,DF,1482,4,59,58.5,48,34,15,7,0,0,17,31,54.8,25,1,58.5% (48/34),3,zagueiros modernos,8,118,480,-45,-35,0,170,125,-2,819,34.95197438633938
Mádson,Ath Paranaense,DF,975,11,34,56.7,34,26,7,3,0,0,3,8,37.5,14,0,56.7% (34/26),0,zagueiros defensivos,22,68,340,-21,-15,0,30,70,0,494,17.6093916755603
Thiago Heleno,Ath Paranaense,DF,2278,0,58,62.5,65,39,23,6,1,0,10,19,52.6,32,1,62.5% (65/39),3,zagueiros modernos,0,116,650,-69,-30,-10,100,160,-2,915,40.07470651013874
Adriano Martins,Atl Goianiense,DF,2990,24,106,58.9,53,37,34,7,0,0,20,33,60.6,54,1,58.9% (53/37),3,zagueiros modernos,48,212,530,-102,-35,0,200,270,-2,1121,51.06723585912487
Alix Vinicius,Atl Goianiense,DF,2042,11,69,60.2,56,37,22,6,2,1,19,30,63.3,33,2,60.2% (56/37),2,zagueiros equilibrados,22,138,560,-66,-30,-20,190,165,-4,955,42.209178228388474
Bruno Tubarão,Atl Goianiense,DF,1586,49,107,59.0,23,16,15,4,1,1,15,26,57.7,16,0,59.0% (23/16),1,zagueiros fisicos,98,214,230,-45,-20,-10,150,80,0,697,28.441835645677692
Guilherme Romão,Atl Goianiense,DF,2766,68,127,55.5,66,53,23,5,0,0,12,23,52.2,30,0,55.5% (66/53),4,zagueiros completos,136,254,660,-69,-25,0,120,150,0,1226,56.670224119530424
Luiz Felipe,Atl Goianiense,DF,1090,2,20,69.2,27,12,21,5,1,0,10,17,58.8,16,0,69.2% (27/12),0,zagueiros defensivos,4,40,270,-63,-25,-10,100,80,0,396,12.379935965848453
Maguinho,Atl Goianiense,DF,1559,29,52,50.9,29,28,32,4,1,0,12,19,63.2,17,0,50.9% (29/28),1,zagueiros fisicos,58,104,290,-96,-20,-10,120,85,0,531,19.583778014941302
Bruno Fuchs,Atlético Mineiro,DF,2031,22,136,61.4,35,22,24,9,1,1,29,38,76.3,29,0,61.4% (35/22),2,zagueiros equilibrados,44,272,350,-72,-45,-10,290,145,0,974,43.22305229455709
Guilherme Arana,Atlético Mineiro,DF,1303,43,94,42.9,12,16,14,5,0,0,10,20,50.0,18,0,42.9% (12/16),1,zagueiros fisicos,86,188,120,-42,-25,0,100,90,0,517,18.836712913553896
Igor Rabello,Atlético Mineiro,DF,966,2,21,62.3,38,23,14,3,1,0,11,17,64.7,15,0,62.3% (38/23),0,zagueiros defensivos,4,42,380,-42,-15,-10,110,75,0,544,20.277481323372466
Júnior Alonso,Atlético Mineiro,DF,1046,16,50,65.6,40,21,16,2,0,0,10,20,50.0,14,0,65.6% (40/21),0,zagueiros defensivos,32,100,400,-48,-10,0,100,70,0,644,25.613660618996796
Lyanco,Atlético Mineiro,DF,920,9,37,44.1,15,19,23,8,1,1,8,11,72.7,18,1,44.1% (15/19),2,zagueiros equilibrados,18,74,150,-69,-40,-10,80,90,-2,291,6.776947705442902
Mariano,Atlético Mineiro,DF,636,6,37,61.5,8,5,7,5,1,1,8,17,47.1,5,0,61.5% (8/5),0,zagueiros defensivos,12,74,80,-21,-25,-10,80,25,0,215,2.72145144076841
Renzo Saravia,Atlético Mineiro,DF,2291,47,157,53.4,31,27,43,3,0,0,45,90,50.0,25,0,53.4% (31/27),4,zagueiros completos,94,314,310,-129,-15,0,450,125,0,1149,52.56136606189968
Gabriel,Bahia,DF,3150,20,115,73.9,136,48,41,8,0,0,29,41,70.7,57,2,73.9% (136/48),3,zagueiros modernos,40,230,1360,-123,-40,0,290,285,-4,2038,100.0
Gilberto,Bahia,DF,1367,62,78,63.3,19,11,11,2,0,0,30,44,68.2,10,0,63.3% (19/11),1,zagueiros fisicos,124,156,190,-33,-10,0,300,50,0,777,32.71077908217716
Kanu,Bahia,DF,2700,18,78,56.5,48,37,34,12,0,0,18,25,72.0,33,2,56.5% (48/37),3,zagueiros modernos,36,156,480,-102,-60,0,180,165,-4,851,36.659551760939166
Luciano Juba,Bahia,DF,3114,46,149,49.2,29,30,7,2,0,0,35,65,53.8,52,0,49.2% (29/30),4,zagueiros completos,92,298,290,-21,-10,0,350,260,0,1259,58.43116328708644
Santiago Arias,Bahia,DF,1884,57,115,45.9,17,20,25,2,1,0,22,36,61.1,20,1,45.9% (17/20),1,zagueiros fisicos,114,230,170,-75,-10,-10,220,100,-2,737,30.57630736392743
Alexander Barboza,Botafogo (RJ),DF,2033,14,90,69.0,78,35,41,11,2,1,17,24,70.8,30,0,69.0% (78/35),2,zagueiros equilibrados,28,180,780,-123,-55,-20,170,150,0,1110,50.480256136606194
Bastos,Botafogo (RJ),DF,2628,12,111,67.9,55,26,35,6,0,0,19,30,63.3,31,1,67.9% (55/26),3,zagueiros modernos,24,222,550,-105,-30,0,190,155,-2,1004,44.823906083244395
Cuiabano,Botafogo (RJ),DF,1476,37,40,57.1,28,21,31,5,0,0,22,33,66.7,23,0,57.1% (28/21),1,zagueiros fisicos,74,80,280,-93,-25,0,220,115,0,651,25.987193169690503
Damián Suárez,Botafogo (RJ),DF,1244,22,37,50.0,8,8,26,5,0,0,19,41,46.3,9,0,50.0% (8/8),0,zagueiros defensivos,44,74,80,-78,-25,0,190,45,0,330,8.858057630736393
Fernando Marçal,Botafogo (RJ),DF,1014,18,59,65.9,27,14,27,5,0,0,10,22,45.5,22,0,65.9% (27/14),0,zagueiros defensivos,36,118,270,-81,-25,0,100,110,0,528,19.423692636072573
Lucas Halter,Botafogo (RJ),DF,1353,8,42,46.2,18,21,19,4,0,0,9,20,45.0,11,2,46.2% (18/21),0,zagueiros defensivos,16,84,180,-57,-20,0,90,55,-4,344,9.6051227321238
Mateo Ponte,Botafogo (RJ),DF,1132,22,45,62.1,18,11,22,3,0,0,12,23,52.2,21,0,62.1% (18/11),0,zagueiros defensivos,44,90,180,-66,-15,0,120,105,0,458,15.688367129135539
André Ramalho,Corinthians,DF,1482,10,53,54.5,24,20,23,5,1,0,13,23,56.5,25,0,54.5% (24/20),0,zagueiros defensivos,20,106,240,-69,-25,-10,130,125,0,517,18.836712913553896
Cacá,Corinthians,DF,2298,9,45,61.3,65,41,29,4,1,0,22,27,81.5,13,2,61.3% (65/41),3,zagueiros modernos,18,90,650,-87,-20,-10,220,65,-4,922,40.44823906083244
Fagner,Corinthians,DF,913,14,39,20.0,1,4,5,4,1,1,12,24,50.0,11,1,20.0% (1/4),1,zagueiros fisicos,28,78,10,-15,-20,-10,120,55,-2,244,4.268943436499466
Félix Torres Caicedo,Corinthians,DF,1710,5,60,63.2,43,25,25,3,0,0,12,25,48.0,27,1,63.2% (43/25),3,zagueiros modernos,10,120,430,-75,-15,0,120,135,-2,723,29.829242262540024
Gustavo Henrique,Corinthians,DF,1478,6,25,69.3,52,23,13,8,1,1,7,8,87.5,19,1,69.3% (52/23),2,zagueiros equilibrados,12,50,520,-39,-40,-10,70,95,-2,656,26.254002134471715
Hugo,Corinthians,DF,1822,26,72,63.9,46,26,39,3,0,0,30,48,62.5,21,0,63.9% (46/26),4,zagueiros completos,52,144,460,-117,-15,0,300,105,0,929,40.821771611526145
Matheus Bidu,Corinthians,DF,1500,35,63,41.2,7,10,11,3,0,0,17,28,60.7,30,0,41.2% (7/10),1,zagueiros fisicos,70,126,70,-33,-15,0,170,150,0,538,19.957310565635005
Matheuzinho,Corinthians,DF,2244,43,99,36.0,9,16,18,4,0,0,30,59,50.8,26,2,36.0% (9/16),1,zagueiros fisicos,86,198,90,-54,-20,0,300,130,-4,726,29.989327641408753
Claudinho,Criciúma,DF,2047,43,113,33.3,7,14,15,3,1,0,36,85,42.4,26,0,33.3% (7/14),1,zagueiros fisicos,86,226,70,-45,-15,-10,360,130,0,802,34.044823906083245
Jonathan,Criciúma,DF,705,8,40,36.8,7,12,11,2,0,0,11,25,44.0,9,0,36.8% (7/12),0,zagueiros defensivos,16,80,70,-33,-10,0,110,45,0,278,6.08324439701174
Luis Eduardo Marques dos Santos,Criciúma,DF,749,22,58,53.3,8,7,10,0,0,0,12,21,57.1,8,1,53.3% (8/7),0,zagueiros defensivos,44,116,80,-30,0,0,120,40,-2,368,10.88580576307364
Miguel Trauco,Criciúma,DF,1446,3,81,48.1,13,14,16,3,1,0,17,32,53.1,9,0,48.1% (13/14),0,zagueiros defensivos,6,162,130,-48,-15,-10,170,45,0,440,14.727854855923159
Rodrigo Fagundes,Criciúma,DF,2880,20,113,69.1,96,43,35,9,0,0,26,38,68.4,50,1,69.1% (96/43),3,zagueiros modernos,40,226,960,-105,-45,0,260,250,-2,1584,75.77374599786553
Tobias Figueiredo,Criciúma,DF,2066,2,49,76.0,76,24,18,6,0,0,12,26,46.2,28,0,76.0% (76/24),3,zagueiros modernos,4,98,760,-54,-30,0,120,140,0,1038,46.638207043756665
Walisson Maia,Criciúma,DF,955,2,14,67.5,27,13,14,4,0,0,2,8,25.0,12,2,67.5% (27/13),0,zagueiros defensivos,4,28,270,-42,-20,0,20,60,-4,316,8.110992529348986
Wilker Ángel,Criciúma,DF,985,1,15,73.2,30,11,18,3,0,0,7,11,63.6,13,1,73.2% (30/11),0,zagueiros defensivos,2,30,300,-54,-15,0,70,65,-2,396,12.379935965848453
João Marcelo,Cruzeiro,DF,2692,43,135,60.7,85,55,20,7,1,0,19,23,82.6,39,1,60.7% (85/55),3,zagueiros modernos,86,270,850,-60,-35,-10,190,195,-2,1484,70.4375667022412
Kaiki,Cruzeiro,DF,1184,31,32,36.8,14,24,22,4,0,0,15,25,60.0,26,1,36.8% (14/24),1,zagueiros fisicos,62,64,140,-66,-20,0,150,130,-2,458,15.688367129135539
Lucas Villalba,Cruzeiro,DF,1326,16,58,57.6,38,28,18,2,0,0,9,12,75.0,18,2,57.6% (38/28),0,zagueiros defensivos,32,116,380,-54,-10,0,90,90,-4,640,25.400213447171826
Marlon,Cruzeiro,DF,2179,55,98,45.7,21,25,32,3,2,0,24,37,64.9,28,2,45.7% (21/25),1,zagueiros fisicos,110,196,210,-96,-15,-20,240,140,-4,761,31.856990394877265
William,Cruzeiro,DF,2963,84,139,50.7,34,33,43,8,0,0,57,104,54.8,48,1,50.7% (34/33),4,zagueiros completos,168,278,340,-129,-40,0,570,240,-2,1425,67.28922091782283
Zé Ivaldo,Cruzeiro,DF,2361,23,80,71.2,52,21,29,9,0,0,19,34,55.9,19,3,71.2% (52/21),3,zagueiros modernos,46,160,520,-87,-45,0,190,95,-6,873,37.83351120597652
Alan Empereur,Cuiabá,DF,2548,17,95,52.5,42,38,13,9,0,0,12,21,57.1,26,2,52.5% (42/38),3,zagueiros modernos,34,190,420,-39,-45,0,120,130,-4,806,34.25827107790822
Bruno Fabiano Alves,Cuiabá,DF,2015,11,42,58.6,41,29,15,3,0,0,13,24,54.2,30,0,58.6% (41/29),0,zagueiros defensivos,22,84,410,-45,-15,0,130,150,0,736,30.52294557097118
Marllon Borges,Cuiabá,DF,2881,4,56,69.6,78,34,28,4,0,0,29,41,70.7,34,1,69.6% (78/34),3,zagueiros modernos,8,112,780,-84,-20,0,290,170,-2,1254,58.164354322305236
Matheus Alexandre,Cuiabá,DF,2464,37,86,62.3,48,29,26,6,0,0,40,70,57.1,38,0,62.3% (48/29),4,zagueiros completos,74,172,480,-78,-30,0,400,190,0,1208,55.70971184631803
Ramon,Cuiabá,DF,2636,48,88,47.4,18,20,36,9,0,0,26,52,50.0,28,1,47.4% (18/20),4,zagueiros completos,96,176,180,-108,-45,0,260,140,-2,697,28.441835645677692
Ayrton Lucas,Flamengo,DF,2393,60,106,52.4,33,30,21,3,0,0,21,41,51.2,16,0,52.4% (33/30),1,zagueiros fisicos,120,212,330,-63,-15,0,210,80,0,874,37.886872998932766
David Luiz,Flamengo,DF,1756,32,104,75.0,39,13,22,5,0,0,2,6,33.3,15,1,75.0% (39/13),0,zagueiros defensivos,64,208,390,-66,-25,0,20,75,-2,664,26.680896478121664
Fabrício Bruno,Flamengo,DF,2310,11,115,61.3,38,24,10,6,0,0,18,21,85.7,14,0,61.3% (38/24),0,zagueiros defensivos,22,230,380,-30,-30,0,180,70,0,822,35.11205976520811
Guillermo Varela,Flamengo,DF,1038,14,24,63.2,12,7,10,2,0,0,10,15,66.7,13,0,63.2% (12/7),0,zagueiros defensivos,28,48,120,-30,-10,0,100,65,0,321,8.377801494130203
Léo Pereira,Flamengo,DF,2023,20,142,60.6,40,26,18,6,0,0,20,33,60.6,14,0,60.6% (40/26),1,zagueiros fisicos,40,284,400,-54,-30,0,200,70,0,910,39.80789754535753
Wesley,Flamengo,DF,2344,68,96,62.7,47,28,36,1,0,0,36,67,53.7,38,1,62.7% (47/28),4,zagueiros completos,136,192,470,-108,-5,0,360,190,-2,1233,57.04375667022412
Antonio Carlos,Fluminense,DF,1080,8,40,69.1,47,21,11,1,0,0,2,4,50.0,20,1,69.1% (47/21),0,zagueiros defensivos,16,80,470,-33,-5,0,20,100,-2,646,25.720384204909287
Diogo Barbosa,Fluminense,DF,1849,42,114,63.3,19,11,18,6,0,0,21,39,53.8,15,0,63.3% (19/11),1,zagueiros fisicos,84,228,190,-54,-30,0,210,75,0,703,28.762006403415153
Manoel,Fluminense,DF,1047,0,17,32.3,10,21,10,2,0,0,4,11,36.4,6,0,32.3% (10/21),0,zagueiros defensivos,0,34,100,-30,-10,0,40,30,0,164,0.0
Marcelo,Fluminense,DF,1044,18,82,0.0,0,8,12,3,0,0,16,36,44.4,8,0,0.0% (0/8),1,zagueiros fisicos,36,164,0,-36,-15,0,160,40,0,349,9.871931696905015
Samuel Xavier,Fluminense,DF,2750,66,142,45.1,23,28,39,5,0,0,29,45,64.4,28,0,45.1% (23/28),4,zagueiros completos,132,284,230,-117,-25,0,290,140,0,934,41.088580576307365
Thiago Silva,Fluminense,DF,1350,3,37,70.3,26,11,4,2,0,0,3,5,60.0,15,1,70.3% (26/11),0,zagueiros defensivos,6,74,260,-12,-10,0,30,75,-2,421,13.713980789754535
Thiago dos Santos,Fluminense,DF,2143,13,67,59.2,71,49,25,9,0,0,23,40,57.5,29,2,59.2% (71/49),3,zagueiros modernos,26,134,710,-75,-45,0,230,145,-4,1121,51.06723585912487
Benjamín Kuscevic,Fortaleza,DF,1858,4,37,57.4,54,40,17,8,1,1,19,27,70.4,20,2,57.4% (54/40),2,zagueiros equilibrados,8,74,540,-51,-40,-10,190,100,-4,807,34.311632870864464
Bruno Pacheco,Fortaleza,DF,1185,20,37,62.3,33,20,13,3,0,0,21,28,75.0,14,1,62.3% (33/20),0,zagueiros defensivos,40,74,330,-39,-15,0,210,70,-2,668,26.894343649946638
Emanuel Brítez,Fortaleza,DF,2503,12,64,65.0,65,35,31,12,2,1,34,58,58.6,37,1,65.0% (65/35),2,zagueiros equilibrados,24,128,650,-93,-60,-20,340,185,-2,1152,52.721451440768405
Felipe Jonatan,Fortaleza,DF,1510,15,59,51.4,18,17,13,0,0,0,10,26,38.5,23,0,51.4% (18/17),0,zagueiros defensivos,30,118,180,-39,0,0,100,115,0,504,18.14300960512273
Guilherme Tinga,Fortaleza,DF,2152,32,105,58.9,73,51,18,3,1,0,19,32,59.4,33,1,58.9% (73/51),3,zagueiros modernos,64,210,730,-54,-15,-10,190,165,-2,1278,59.44503735325507
Titi,Fortaleza,DF,2020,8,44,49.2,31,32,36,8,0,0,14,34,41.2,29,3,49.2% (31/32),3,zagueiros modernos,16,88,310,-108,-40,0,140,145,-6,545,20.330843116328708
Tomás Cardona,Fortaleza,DF,1435,11,50,61.5,40,25,23,4,0,0,14,25,56.0,29,4,61.5% (40/25),3,zagueiros modernos,22,100,400,-69,-20,0,140,145,-8,710,29.13553895410886
Fábio,Grêmio,DF,677,11,15,50.0,13,13,6,1,1,0,6,12,50.0,5,0,50.0% (13/13),0,zagueiros defensivos,22,30,130,-18,-5,-10,60,25,0,234,3.7353255069370332
Gustavo Martins Santos,Grêmio,DF,1377,1,45,72.2,39,15,15,1,1,0,8,15,53.3,15,0,72.2% (39/15),0,zagueiros defensivos,2,90,390,-45,-5,-10,80,75,0,577,22.038420490928495
Jemerson,Grêmio,DF,1143,2,17,60.5,23,15,16,5,0,0,11,15,73.3,8,0,60.5% (23/15),0,zagueiros defensivos,4,34,230,-48,-25,0,110,40,0,345,9.658484525080043
João Pedro,Grêmio,DF,2754,61,120,41.5,17,24,14,0,0,0,0,0,,1,0,41.5% (17/24),1,zagueiros fisicos,122,240,170,-42,0,0,0,5,0,495,17.66275346851654
João Pedro,Grêmio,DF,2754,61,120,41.5,17,24,14,0,0,0,17,29,58.6,18,0,41.5% (17/24),1,zagueiros fisicos,122,240,170,-42,0,0,170,90,0,750,31.270010672358588
João Pedro,Grêmio,DF,2754,61,120,53.1,34,30,15,3,0,0,0,0,,1,0,53.1% (34/30),1,zagueiros fisicos,122,240,340,-45,-15,0,0,5,0,647,25.773745997865525
João Pedro,Grêmio,DF,2754,61,120,53.1,34,30,15,3,0,0,17,29,58.6,18,0,53.1% (34/30),1,zagueiros fisicos,122,240,340,-45,-15,0,170,90,0,902,39.38100320170758
Pedro Geromel,Grêmio,DF,771,2,15,62.1,18,11,5,4,0,0,7,12,58.3,11,0,62.1% (18/11),0,zagueiros defensivos,4,30,180,-15,-20,0,70,55,0,304,7.4706510138740665
Reinaldo,Grêmio,DF,2526,34,128,37.1,13,22,21,6,0,0,28,49,57.1,22,2,37.1% (13/22),1,zagueiros fisicos,68,256,130,-63,-30,0,280,110,-4,747,31.10992529348986
Rodrigo Ely,Grêmio,DF,1659,3,37,74.3,81,28,16,5,0,0,23,29,79.3,24,1,74.3% (81/28),3,zagueiros modernos,6,74,810,-48,-25,0,230,120,-2,1165,53.41515474919958
Walter Kannemann,Grêmio,DF,1000,2,21,82.4,28,6,23,7,1,0,9,20,45.0,19,0,82.4% (28/6),0,zagueiros defensivos,4,42,280,-69,-35,-10,90,95,0,397,12.433297758804695
Agustín Rogel,Internacional,DF,1055,1,24,73.3,33,12,17,2,1,0,5,13,38.5,11,1,73.3% (33/12),0,zagueiros defensivos,2,48,330,-51,-10,-10,50,55,-2,412,13.233724653148347
Alexandro Bernabei,Internacional,DF,2063,59,114,56.9,29,22,41,5,0,0,28,60,46.7,49,0,56.9% (29/22),4,zagueiros completos,118,228,290,-123,-25,0,280,245,0,1013,45.30416221985058
Fabricio Bustos,Internacional,DF,864,12,63,41.2,7,10,17,4,0,0,18,25,72.0,11,0,41.2% (7/10),0,zagueiros defensivos,24,126,70,-51,-20,0,180,55,0,384,11.739594450373533
Gabriel Mercado,Internacional,DF,1186,2,32,48.9,23,24,8,6,0,0,9,12,75.0,10,0,48.9% (23/24),0,zagueiros defensivos,4,64,230,-24,-30,0,90,50,0,384,11.739594450373533
Igor Gomes,Internacional,DF,688,8,22,46.5,20,23,8,2,0,0,11,19,57.9,7,0,46.5% (20/23),0,zagueiros defensivos,16,44,200,-24,-10,0,110,35,0,371,11.04589114194237
Renê,Internacional,DF,1043,33,93,72.5,29,11,12,2,0,0,12,18,66.7,21,0,72.5% (29/11),0,zagueiros defensivos,66,186,290,-36,-10,0,120,105,0,721,29.722518676627534
Robert Renan,Internacional,DF,959,16,45,50.0,14,14,14,2,0,0,14,25,56.0,20,1,50.0% (14/14),0,zagueiros defensivos,32,90,140,-42,-10,0,140,100,-2,448,15.154749199573105
Vitão,Internacional,DF,2502,29,89,59.1,55,38,20,5,0,0,20,30,66.7,23,0,59.1% (55/38),3,zagueiros modernos,58,178,550,-60,-25,0,200,115,0,1016,45.46424759871932
Alan Ruschel,Juventude,DF,2243,44,119,48.8,21,22,29,7,2,2,41,75,54.7,35,0,48.8% (21/22),2,zagueiros equilibrados,88,238,210,-87,-35,-20,410,175,0,979,43.48986125933831
Danilo Boza,Juventude,DF,2829,20,88,65.0,76,41,5,2,0,0,11,23,47.8,33,1,65.0% (76/41),3,zagueiros modernos,40,176,760,-15,-10,0,110,165,-2,1224,56.563500533617926
Gabriel Inocêncio,Juventude,DF,883,22,25,53.6,15,13,22,2,0,0,13,23,56.5,9,0,53.6% (15/13),0,zagueiros defensivos,44,50,150,-66,-10,0,130,45,0,343,9.551760939167556
João Lucas,Juventude,DF,2569,72,107,50.9,29,28,33,8,1,1,37,58,63.8,28,0,50.9% (29/28),4,zagueiros completos,144,214,290,-99,-40,-10,370,140,0,1009,45.090715048025615
Lucas Freitas,Juventude,DF,1256,8,43,45.7,16,19,11,3,1,1,5,12,41.7,14,0,45.7% (16/19),0,zagueiros defensivos,16,86,160,-33,-15,-10,50,70,0,324,8.537886872998932
Rodrigo Sam,Juventude,DF,803,2,22,76.3,29,9,13,4,1,0,8,15,53.3,20,0,76.3% (29/9),0,zagueiros defensivos,4,44,290,-39,-20,-10,80,100,0,449,15.20811099252935
Zé Marcos,Juventude,DF,1951,5,40,66.3,53,27,20,12,2,2,18,31,58.1,18,1,66.3% (53/27),2,zagueiros equilibrados,10,80,530,-60,-60,-20,180,90,-2,748,31.163287086446108
Agustín Giay,Palmeiras,DF,642,16,37,50.0,4,4,12,1,0,0,21,34,61.8,6,0,50.0% (4/4),0,zagueiros defensivos,32,74,40,-36,-5,0,210,30,0,345,9.658484525080043
Caio Paulista,Palmeiras,DF,1201,39,74,50.0,10,10,15,1,1,0,14,26,53.8,9,1,50.0% (10/10),1,zagueiros fisicos,78,148,100,-45,-5,-10,140,45,-2,449,15.20811099252935
Gustavo Gómez,Palmeiras,DF,2367,8,82,61.3,100,63,44,9,0,0,18,24,75.0,32,0,61.3% (100/63),3,zagueiros modernos,16,164,1000,-132,-45,0,180,160,0,1343,62.91355389541089
Joaquín Piquerez,Palmeiras,DF,1314,29,87,65.0,13,7,10,2,0,0,18,36,50.0,13,0,65.0% (13/7),0,zagueiros defensivos,58,174,130,-30,-10,0,180,65,0,567,21.504802561366063
Kaiky Naves,Palmeiras,DF,733,2,41,50.0,25,25,17,1,0,0,14,19,73.7,17,0,50.0% (25/25),0,zagueiros defensivos,4,82,250,-51,-5,0,140,85,0,505,18.196371398078977
Marcos Rocha,Palmeiras,DF,1936,35,150,58.1,18,13,29,5,1,0,25,49,51.0,33,2,58.1% (18/13),4,zagueiros completos,70,300,180,-87,-25,-10,250,165,-4,839,36.019210245464244
Mayke,Palmeiras,DF,1035,20,73,55.9,19,15,17,7,0,0,16,30,53.3,23,2,55.9% (19/15),1,zagueiros fisicos,40,146,190,-51,-35,0,160,115,-4,561,21.1846318036286
Murilo Cerqueira,Palmeiras,DF,2175,25,127,60.6,66,43,34,7,1,1,15,30,50.0,25,0,60.6% (66/43),2,zagueiros equilibrados,50,254,660,-102,-35,-10,150,125,0,1092,49.51974386339381
Vanderlan,Palmeiras,DF,1051,19,32,52.2,12,11,20,0,0,0,13,21,61.9,13,0,52.2% (12/11),0,zagueiros defensivos,38,64,120,-60,0,0,130,65,0,357,10.298826040554962
Vitor Reis,Palmeiras,DF,1458,3,46,65.7,46,24,24,3,0,0,20,29,69.0,13,0,65.7% (46/24),0,zagueiros defensivos,6,92,460,-72,-15,0,200,65,0,736,30.52294557097118
Douglas Mendes,Red Bull Bragantino,DF,1346,9,29,66.7,38,19,24,2,0,0,11,18,61.1,17,0,66.7% (38/19),0,zagueiros defensivos,18,58,380,-72,-10,0,110,85,0,569,21.611526147278546
Eduardo Santos,Red Bull Bragantino,DF,1716,12,62,67.3,35,17,8,5,0,0,12,18,66.7,19,1,67.3% (35/17),0,zagueiros defensivos,24,124,350,-24,-25,0,120,95,-2,662,26.57417289220918
Guilherme,Red Bull Bragantino,DF,670,8,18,40.6,13,19,8,1,0,0,10,15,66.7,10,0,40.6% (13/19),0,zagueiros defensivos,16,36,130,-24,-5,0,100,50,0,303,7.417289220917824
José Hurtado,Red Bull Bragantino,DF,1325,39,56,40.7,11,16,14,2,0,0,13,29,44.8,19,1,40.7% (11/16),1,zagueiros fisicos,78,112,110,-42,-10,0,130,95,-2,471,16.3820704375667
Luan Cândido,Red Bull Bragantino,DF,1953,7,50,70.5,62,26,37,5,0,0,16,28,57.1,32,1,70.5% (62/26),3,zagueiros modernos,14,100,620,-111,-25,0,160,160,-2,916,40.128068303094985
Lucas Cunha,Red Bull Bragantino,DF,782,0,22,61.3,19,12,5,2,1,0,4,7,57.1,4,0,61.3% (19/12),0,zagueiros defensivos,0,44,190,-15,-10,-10,40,20,0,259,5.069370330843117
Nathan Mendes,Red Bull Bragantino,DF,1165,17,51,48.4,15,16,17,6,0,0,17,26,65.4,11,0,48.4% (15/16),0,zagueiros defensivos,34,102,150,-51,-30,0,170,55,0,430,14.194236926360727
Pedro Henrique,Red Bull Bragantino,DF,2372,8,83,52.9,55,49,21,4,0,0,22,38,57.9,24,3,52.9% (55/49),3,zagueiros modernos,16,166,550,-63,-20,0,220,120,-6,983,43.703308431163286
Alan Franco,São Paulo,DF,2191,14,98,53.0,44,39,18,6,1,0,12,24,50.0,13,1,53.0% (44/39),3,zagueiros modernos,28,196,440,-54,-30,-10,120,65,-2,753,31.43009605122732
Diego,São Paulo,DF,894,4,40,72.9,35,13,16,2,0,0,6,11,54.5,12,0,72.9% (35/13),0,zagueiros defensivos,8,80,350,-48,-10,0,60,60,0,500,17.929562433297757
Igor Vinícius de Souza,São Paulo,DF,2463,66,137,35.1,13,24,18,7,1,1,30,55,54.5,18,1,35.1% (13/24),1,zagueiros fisicos,132,274,130,-54,-35,-10,300,90,-2,825,35.27214514407684
José Sabino,São Paulo,DF,972,5,43,63.5,33,19,11,3,0,0,10,15,66.7,13,1,63.5% (33/19),0,zagueiros defensivos,10,86,330,-33,-15,0,100,65,-2,541,20.117395944503734
Nahuel Ferraresi,São Paulo,DF,902,9,45,46.4,13,15,10,2,0,0,14,27,51.9,8,0,46.4% (13/15),0,zagueiros defensivos,18,90,130,-30,-10,0,140,40,0,378,11.419423692636073
Patryck,São Paulo,DF,615,11,22,47.1,8,9,9,1,0,0,11,22,50.0,7,0,47.1% (8/9),0,zagueiros defensivos,22,44,80,-27,-5,0,110,35,0,259,5.069370330843117
Robert Arboleda,São Paulo,DF,2256,2,45,68.5,63,29,20,3,0,0,15,23,65.2,23,3,68.5% (63/29),3,zagueiros modernos,4,90,630,-60,-15,0,150,115,-6,908,39.701173959445036
Ruan,São Paulo,DF,719,0,19,63.6,21,12,10,1,0,0,10,13,76.9,6,0,63.6% (21/12),0,zagueiros defensivos,0,38,210,-30,-5,0,100,30,0,343,9.551760939167556
Welington,São Paulo,DF,1697,40,79,57.9,33,24,23,6,0,0,18,32,56.3,23,0,57.9% (33/24),1,zagueiros fisicos,80,158,330,-69,-30,0,180,115,0,764,32.017075773745994
João Victor,Vasco da Gama,DF,1776,41,78,56.6,30,23,13,6,2,1,18,25,72.0,21,0,56.6% (30/23),2,zagueiros equilibrados,82,156,300,-39,-30,-20,180,105,0,734,30.4162219850587
Lucas Piton,Vasco da Gama,DF,2703,63,104,50.8,30,29,34,5,0,0,37,66,56.1,38,0,50.8% (30/29),4,zagueiros completos,126,208,300,-102,-25,0,370,190,0,1067,48.18569903948773
Léo Pelé,Vasco da Gama,DF,2700,26,78,54.9,28,23,27,3,0,0,16,24,66.7,30,1,54.9% (28/23),1,zagueiros fisicos,52,156,280,-81,-15,0,160,150,-2,700,28.601921024546424
Maicon,Vasco da Gama,DF,2351,3,72,68.9,73,33,12,5,0,0,29,43,67.4,29,0,68.9% (73/33),3,zagueiros modernos,6,144,730,-36,-25,0,290,145,0,1254,58.164354322305236
Paulo Henrique,Vasco da Gama,DF,2516,56,86,46.3,19,22,40,6,0,0,52,85,61.2,46,2,46.3% (19/22),4,zagueiros completos,112,172,190,-120,-30,0,520,230,-4,1070,48.34578441835646
EDU,Vitória,DF,744,2,23,58.6,17,12,5,2,0,0,7,10,70.0,6,0,58.6% (17/12),0,zagueiros defensivos,4,46,170,-15,-10,0,70,30,0,295,6.990394877267876
Lucas Esteves,Vitória,DF,2932,46,108,60.9,56,36,36,10,0,0,30,43,69.8,40,0,60.9% (56/36),4,zagueiros completos,92,216,560,-108,-50,0,300,200,0,1210,55.81643543223053
Neris,Vitória,DF,1359,9,37,60.3,35,23,17,3,1,0,12,19,63.2,11,0,60.3% (35/23),0,zagueiros defensivos,18,74,350,-51,-15,-10,120,55,0,541,20.117395944503734
Raúl Cáceres,Vitória,DF,1695,50,49,50.0,19,19,22,2,0,0,28,47,59.6,14,0,50.0% (19/19),1,zagueiros fisicos,100,98,190,-66,-10,0,280,70,0,662,26.57417289220918
Wagner,Vitória,DF,3156,23,103,54.8,85,70,16,5,1,0,19,28,67.9,50,1,54.8% (85/70),3,zagueiros modernos,46,206,850,-48,-25,-10,190,250,-2,1457,68.99679829242262
Willean Lepo,Vitória,DF,1789,52,78,50.0,36,36,18,5,0,0,45,77,58.4,30,1,50.0% (36/36),4,zagueiros completos,104,156,360,-54,-25,0,450,150,-2,1139,52.02774813233725
